e_magic,e_cblp,e_cp,e_crlc,e_cparhdr,e_minalloc,e_maxalloc,e_ss,e_sp,e_csum,e_ip,e_cs,e_lfarlc,e_ovno,e_res,e_oemid,e_oeminfo,e_res2,e_lfanew,Machine,NumberOfSections,CreationYear,PointerToSymbolTable,NumberOfSymbols,SizeOfOptionalHeader,Characteristics,Magic,MajorLinkerVersion,MinorLinkerVersion,SizeOfCode,SizeOfInitializedData,SizeOfUninitializedData,AddressOfEntryPoint,BaseOfCode,BaseOfData,ImageBase,SectionAlignment,FileAlignment,MajorOperatingSystemVersion,MinorOperatingSystemVersion,MajorImageVersion,MinorImageVersion,MajorSubsystemVersion,MinorSubsystemVersion,SizeOfImage,SizeOfHeaders,CheckSum,Subsystem,DllCharacteristics,SizeOfStackReserve,SizeOfStackCommit,SizeOfHeapReserve,SizeOfHeapCommit,LoaderFlags,NumberOfRvaAndSizes,Flag
23117,144,3,0,4,0,65535,0,184,0,0,0,64,0,,0,0,,232,332,4,2011,0,0,224,258,267,9,0,0,47616,0,5440,4096,4096,4194304,4096,512,5,0,0,0,5,0,61440,1024,105595,2,33792,1048576,4096,1048576,4096,0,16,0
23117,144,3,0,4,0,65535,0,184,0,0,0,64,0,,0,0,,232,332,4,2011,0,0,224,258,267,9,0,0,48128,0,5328,4096,4096,4194304,4096,512,5,0,0,0,5,0,61440,1024,57737,2,33792,1048576,4096,1048576,4096,0,16,0
23117,144,3,0,4,0,65535,0,184,0,0,0,64,0,,0,0,,200,332,7,2011,0,0,224,258,267,9,0,38400,17408,0,6576,4096,45056,4194304,4096,512,5,0,0,0,5,0,69632,1024,69725,2,32768,1048576,4096,1048576,4096,0,16,0
23117,144,3,0,4,0,65535,0,184,0,0,0,64,0,,0,0,,256,332,3,2007,0,0,224,271,267,10,4,126976,4096,163840,292960,167936,294912,4194304,4096,512,10,1,5,0,4,0,299008,4096,0,2,0,1048576,4096,1048576,4096,0,16,0
23117,144,3,0,4,0,65535,0,184,0,0,0,64,0,,0,0,,128,332,4,2005,0,0,224,262,267,9,0,114176,71168,4096,18336,4096,118784,4194304,4096,512,4,0,0,0,4,0,462848,1024,0,2,0,1048576,4096,1048576,4096,0,16,0
23117,144,3,0,4,0,65535,0,184,0,0,0,64,0,,0,0,,208,332,10,2011,0,0,224,258,267,9,0,38400,26112,0,6784,4096,45056,4194304,4096,512,5,0,0,0,5,0,81920,1024,112650,2,32768,1048576,4096,1048576,4096,0,16,0
23117,144,3,0,4,0,65535,0,184,0,0,0,64,0,,0,0,,240,332,4,2012,0,0,224,271,267,7,10,20480,200704,0,5879,4096,24576,4194304,4096,4096,4,0,0,0,4,0,225280,4096,0,2,0,1048576,4096,1048576,4096,0,16,0
23117,144,3,0,4,0,65535,0,184,0,0,0,64,0,,0,0,,224,332,4,2011,0,0,224,258,267,9,0,37888,2560,0,7024,4096,45056,4194304,4096,512,5,0,0,0,5,0,57344,1024,84325,2,32768,1048576,4096,1048576,4096,0,16,0
23117,144,3,0,4,0,65535,0,184,0,0,0,64,0,,0,0,,224,332,3,2011,0,0,224,259,267,9,0,9728,16384,0,10576,4096,16384,4194304,4096,512,5,0,0,0,5,0,36864,1024,73665,2,34048,1048576,4096,1048576,4096,0,16,0
23117,144,3,0,4,0,65535,0,184,0,0,0,64,0,,0,0,,128,332,4,2005,0,0,224,259,267,9,0,245248,77824,0,14448,4096,249856,4194304,4096,512,4,0,0,0,4,0,335872,1024,0,2,0,1048576,4096,1048576,4096,0,16,0
23117,144,3,0,4,0,65535,0,184,0,0,0,64,0,,0,0,,216,332,3,2002,0,0,224,259,267,8,0,32768,28672,0,14327,4096,36864,4194304,4096,4096,4,0,0,0,4,0,65536,4096,83231,2,0,1048576,4096,1048576,4096,0,16,0
23117,144,3,0,4,0,65535,0,184,0,0,0,64,0,,0,0,,224,332,4,2008,0,0,224,271,267,7,10,2560,647168,0,4720,4096,258048,4194304,4096,512,4,0,0,0,4,0,663552,1024,423697,2,32768,1048576,12288,1048576,12288,0,16,0
23117,144,3,0,4,0,65535,0,184,0,0,0,64,0,,0,0,,224,332,4,2005,0,0,224,267,267,7,4,135168,38912,212480,22648,4096,139264,4194304,4096,512,4,0,0,0,5,0,397312,1024,0,2,0,1048576,4096,1048576,4096,0,16,0
23117,144,3,0,4,0,65535,0,184,0,0,0,64,0,,0,0,,248,332,3,2004,0,0,224,271,267,10,4,49152,4096,126976,179328,131072,180224,335544320,4096,512,6,2,5,3,4,0,184320,4096,0,2,0,1048576,4096,1048576,4096,0,16,0
23117,144,3,0,4,0,65535,0,184,0,0,0,64,0,,0,0,,200,332,5,2011,0,0,224,258,267,9,0,38400,9216,0,41264,4096,45056,4194304,4096,512,5,0,0,0,5,0,61440,1024,53132,2,32768,1048576,4096,1048576,4096,0,16,0
23117,144,3,0,4,0,65535,0,184,0,0,0,64,0,,0,0,,208,332,2,2011,0,0,224,271,267,6,0,8192,69632,0,9168,4096,12288,4194304,4096,512,4,0,0,0,4,0,81920,1024,0,2,0,1048576,4096,1048576,4096,0,16,0
23117,144,3,0,4,0,65535,0,184,0,0,0,64,0,,0,0,,256,332,3,2008,0,0,224,271,267,7,4,49152,4096,61440,111504,65536,114688,4194304,4096,512,8,3,6,1,4,0,118784,4096,0,2,0,1048576,4096,1048576,4096,0,16,0
23117,144,3,0,4,0,65535,0,184,0,0,0,64,0,,0,0,,128,332,4,2005,0,0,224,262,267,9,0,93696,81408,4096,19712,4096,98304,4194304,4096,512,4,0,0,0,4,0,307200,1024,0,2,0,1048576,4096,1048576,4096,0,16,0
23117,144,3,0,4,0,65535,0,184,0,0,0,64,0,,0,0,,232,332,4,2005,0,0,224,267,267,7,4,98304,22016,68608,17768,4096,102400,4194304,4096,512,4,0,0,0,5,0,200704,1024,0,2,0,1048576,4096,1048576,4096,0,16,0
23117,144,3,0,4,0,65535,0,184,0,0,0,64,0,,0,0,,128,332,4,2005,0,0,224,262,267,9,0,114176,66560,4096,20032,4096,118784,4194304,4096,512,4,0,0,0,4,0,307200,1024,0,2,0,1048576,4096,1048576,4096,0,16,0
23117,144,3,0,4,0,65535,0,184,0,0,0,64,0,,0,0,,248,332,7,2011,0,0,224,258,267,9,0,0,98816,0,4816,4096,4096,4194304,4096,512,5,0,0,0,5,0,126976,1024,160461,2,33792,1048576,4096,1048576,4096,0,16,0
23117,144,3,0,4,0,65535,0,184,0,0,0,64,0,,0,0,,128,332,4,2005,0,0,224,262,267,9,0,107520,70144,4096,18112,4096,114688,4194304,4096,512,4,0,0,0,4,0,307200,1024,0,2,0,1048576,4096,1048576,4096,0,16,0
23117,144,3,0,4,0,65535,0,184,0,0,0,64,0,,0,0,,124,332,4,1970,0,0,224,271,267,255,0,2560,773120,0,4216,4096,8192,4194304,4096,512,4,0,0,0,4,0,2146304,1024,0,2,0,1048576,4096,1048576,4096,0,16,0
23117,144,3,0,4,0,65535,0,184,0,0,0,64,0,,0,0,,240,332,6,2011,0,0,224,258,267,9,0,0,78336,0,5408,4096,4096,4194304,4096,512,5,0,0,0,5,0,102400,1024,117899,2,33792,1048576,4096,1048576,4096,0,16,0
23117,80,2,0,4,15,65535,0,184,0,0,0,64,26,,0,0,,256,332,8,1992,0,0,224,33166,267,2,25,124928,24576,0,120752,4096,131072,4194304,4096,512,4,0,0,0,4,0,176128,1024,160009,2,0,1048576,16384,1048576,4096,0,16,0
23117,144,3,0,4,0,65535,0,184,0,0,0,64,0,,0,0,,240,332,4,2005,0,0,224,259,267,9,0,100352,62464,4096,29912,4096,106496,4194304,4096,512,4,0,0,0,5,1,270336,1024,0,2,0,1048576,4096,1048576,4096,0,16,0
23117,144,3,0,4,0,65535,0,184,0,0,0,64,0,,256,41920,·­¯°¬¨é«¦§Ë,120,332,4,2005,0,0,224,782,267,5,0,4096,28672,0,4096,4096,8192,4194304,4096,512,4,0,0,0,4,0,36864,1024,0,2,0,1048576,4096,1048576,4096,0,16,0
23117,144,3,0,4,0,65535,0,184,0,0,0,64,0,,0,0,,208,332,4,2011,0,0,224,258,267,9,0,38912,2560,0,6672,4096,45056,4194304,4096,512,5,0,0,0,5,0,57344,1024,47411,2,32768,1048576,4096,1048576,4096,0,16,0
23117,144,3,0,4,0,65535,0,184,0,0,0,64,0,,0,0,,128,332,3,2005,0,0,224,266,267,8,0,249856,112128,0,24768,4096,290816,4194304,4096,512,4,0,0,0,5,0,406996,1024,921023,2,0,2097152,4096,1048576,4096,0,16,0
23117,144,3,0,4,0,65535,0,184,0,0,0,64,0,,0,0,,128,332,3,2005,0,0,224,271,267,9,0,229376,113152,0,8652,4096,274432,4194304,4096,512,4,0,0,0,5,0,391232,1024,0,2,0,2097152,4096,1048576,4096,0,16,0
23117,144,3,0,4,0,65535,0,184,0,0,0,64,0,,0,0,,248,332,8,2011,0,0,224,258,267,9,0,4608,98304,0,4784,4096,12288,4194304,4096,512,5,0,0,0,5,0,131072,1024,149197,2,33792,1048576,4096,1048576,4096,0,16,0
23117,144,3,0,4,0,65535,0,184,0,0,0,64,0,,0,0,,240,332,6,2010,0,0,224,258,267,9,0,6144,65536,0,4912,4096,12288,4194304,4096,512,5,0,0,0,5,0,94208,1024,109837,2,33792,1048576,4096,1048576,4096,0,16,0
23117,144,3,0,4,0,65535,0,184,0,0,0,64,0,,0,0,,240,332,4,2005,0,0,224,267,267,7,4,112128,33280,60928,24552,4096,118784,4194304,4096,512,4,0,0,0,5,0,221184,1024,0,2,0,1048576,4096,1048576,4096,0,16,0
23117,144,3,0,4,0,65535,0,184,0,0,0,64,0,,0,0,,128,332,5,2012,0,0,224,271,267,2,50,20480,8192,0,4096,4096,28672,4194304,4096,512,4,0,0,0,4,0,40960,1024,0,2,0,1048576,4096,1048576,4096,0,16,0
23117,144,3,0,4,0,65535,0,184,0,0,0,64,0,,0,0,,128,332,4,2005,0,0,224,263,267,9,0,289280,131072,0,18288,4096,294912,4194304,4096,512,4,0,0,0,4,0,434176,1024,0,2,0,1048576,4096,1048576,4096,0,16,0
23117,144,3,0,4,0,65535,0,184,0,0,0,64,0,,0,0,,232,332,4,2005,0,0,224,267,267,7,4,137728,25600,0,11240,4096,143360,4194304,4096,512,4,0,0,0,5,0,249856,1024,0,2,0,1048576,4096,1048576,4096,0,16,0
23117,144,3,0,4,0,65535,0,184,0,0,0,64,0,,0,0,,248,332,4,2011,0,0,224,258,267,9,0,0,48640,0,5392,4096,4096,4194304,4096,512,5,0,0,0,5,0,61440,1024,76779,2,33792,1048576,4096,1048576,4096,0,16,0
23117,144,3,0,4,0,65535,0,184,0,0,0,64,0,,0,0,,128,332,3,2005,0,0,224,271,267,9,0,221184,119808,0,14308,4096,278528,4194304,4096,512,4,0,0,0,5,0,402392,1024,0,2,0,2097152,4096,1048576,4096,0,16,0
23117,144,3,0,4,0,65535,0,184,0,0,0,64,0,,0,0,,224,332,4,2011,0,0,224,271,267,6,0,8192,49152,0,11324,4096,12288,4194304,4096,4096,4,0,12,2,4,0,61440,4096,0,2,0,1048576,4096,1048576,4096,0,16,0
23117,144,3,0,4,0,65535,0,184,0,0,0,64,0,,0,0,,256,332,5,2011,0,0,224,271,267,7,10,20480,282624,0,10572,4096,24576,268435456,4096,4096,4,0,0,0,4,0,307200,4096,0,2,0,1048576,4096,1048576,4096,0,16,0
23117,144,3,0,4,0,65535,0,184,0,0,0,64,0,,0,0,,240,332,6,2010,0,0,224,258,267,9,0,4608,65024,0,4784,4096,12288,4194304,4096,512,5,0,0,0,5,0,94208,1024,86936,2,33792,1048576,4096,1048576,4096,0,16,0
23117,144,3,0,4,0,65535,0,184,0,0,0,64,0,,0,0,,240,332,7,2011,0,0,224,258,267,9,0,0,102912,0,5216,4096,4096,4194304,4096,512,5,0,0,0,5,0,131072,1024,126724,2,33792,1048576,4096,1048576,4096,0,16,0
23117,144,3,0,4,0,65535,0,184,0,0,0,64,0,,0,0,,232,332,4,2011,0,0,224,258,267,9,0,0,47616,0,5440,4096,4096,4194304,4096,512,5,0,0,0,5,0,61440,1024,77305,2,33792,1048576,4096,1048576,4096,0,16,0
23117,144,3,0,4,0,65535,0,184,0,0,0,64,0,,0,0,,128,332,4,2005,0,0,224,262,267,9,0,110592,70144,4096,21488,4096,114688,4194304,4096,512,4,0,0,0,4,0,589824,1024,0,2,0,1048576,4096,1048576,4096,0,16,0
23117,144,3,0,4,0,65535,0,184,0,0,0,64,0,,0,0,,248,332,7,2011,0,0,224,258,267,9,0,0,98816,0,4784,4096,4096,4194304,4096,512,5,0,0,0,5,0,126976,1024,115801,2,33792,1048576,4096,1048576,4096,0,16,0
23117,144,3,0,4,0,65535,0,184,0,0,0,64,0,,0,0,,240,332,6,2011,0,0,224,258,267,9,0,0,81408,0,5392,4096,4096,4194304,4096,512,5,0,0,0,5,0,102400,1024,95692,2,33792,1048576,4096,1048576,4096,0,16,0
23117,144,3,0,4,0,65535,0,184,0,0,0,64,0,,0,0,,200,332,5,2012,0,0,224,259,267,10,0,330752,10240,0,8544,4096,335872,4194304,4096,512,5,1,0,0,5,1,356352,1024,0,2,256,1048576,4096,1048576,4096,0,16,0
23117,144,3,0,4,0,65535,0,184,0,0,0,64,0,,0,0,,200,332,4,2012,0,0,224,259,267,10,0,182272,8192,0,21312,4096,188416,4194304,4096,512,5,1,0,0,5,1,204800,1024,0,2,0,1048576,4096,1048576,4096,0,16,0
23117,80,2,0,4,15,65535,0,184,0,0,0,64,26,,0,0,,256,332,3,2010,0,0,224,33167,267,2,25,540672,86016,2248704,2792000,2252800,2793472,4194304,4096,512,5,0,0,0,5,0,2879488,4096,0,2,0,1048576,16384,1048576,4096,0,16,0
23117,144,3,0,4,0,65535,0,184,0,0,0,64,0,,0,0,,224,332,5,2002,0,0,224,8450,267,8,0,45056,57344,0,11790,4096,49152,268435456,4096,4096,4,0,0,0,4,0,106496,4096,167712,2,0,1048576,4096,1048576,4096,0,16,0
23117,144,3,0,4,0,65535,0,184,0,0,0,64,0,,0,0,,216,332,5,2005,0,0,224,8450,267,7,0,53248,32768,0,12714,4096,57344,268435456,4096,4096,4,0,0,0,4,0,90112,4096,106211,2,0,1048576,4096,1048576,4096,0,16,0
23117,80,2,0,4,15,65535,0,184,0,0,0,64,26,,0,0,,256,332,3,2010,0,0,224,33167,267,2,25,536576,24576,2203648,2741072,2207744,2744320,4194304,4096,512,5,0,0,0,5,0,2768896,4096,0,2,0,1048576,16384,1048576,4096,0,16,0
23117,144,3,0,4,0,65535,0,184,0,0,0,64,0,,0,0,,216,332,5,2003,0,0,224,8450,267,8,0,40960,81920,0,10989,4096,45056,268435456,4096,4096,4,0,0,0,4,0,126976,4096,175722,2,0,1048576,4096,1048576,4096,0,16,0
23117,144,3,0,4,0,65535,0,184,0,0,0,64,0,,0,0,,216,332,5,2006,0,0,224,8450,267,8,0,86016,32768,0,18633,4096,90112,268435456,4096,4096,4,0,0,0,4,0,122880,4096,158703,2,0,1048576,4096,1048576,4096,0,16,0
23117,0,0,0,0,0,0,0,0,0,0,0,0,0,,0,0,,224,332,3,2012,0,0,224,258,267,10,0,212992,20480,0,176213,4096,217088,4194304,4096,512,5,1,1,0,5,1,241664,1024,0,2,33024,1048576,4096,1048576,4096,0,16,0
23117,144,3,0,4,0,65535,0,184,0,0,0,64,0,,0,0,,224,332,5,2004,0,0,224,8450,267,8,0,36864,28672,0,9825,4096,40960,268435456,4096,4096,4,0,0,0,4,0,69632,4096,111992,2,0,1048576,4096,1048576,4096,0,16,0
23117,144,3,0,4,0,65535,0,184,0,0,0,64,0,,0,0,,224,332,5,2007,0,0,224,8450,267,8,0,45056,53248,0,11864,4096,49152,268435456,4096,4096,4,0,0,0,4,0,102400,4096,135235,2,0,1048576,4096,1048576,4096,0,16,0
23117,144,3,0,4,0,65535,0,184,0,0,0,64,0,,0,0,,224,332,5,2002,0,0,224,8450,267,7,0,45056,28672,0,12594,4096,49152,268435456,4096,4096,4,0,0,0,4,0,77824,4096,91194,2,0,1048576,4096,1048576,4096,0,16,0
23117,144,3,0,4,0,65535,0,184,0,0,0,64,0,,0,0,,224,332,5,2007,0,0,224,8450,267,8,0,36864,28672,0,9623,4096,40960,268435456,4096,4096,4,0,0,0,4,0,69632,4096,124368,2,0,1048576,4096,1048576,4096,0,16,0
23117,144,3,0,4,0,65535,0,184,0,0,0,64,0,,0,0,,216,332,5,2007,0,0,224,8450,267,8,0,40960,40960,0,10598,4096,45056,268435456,4096,4096,4,0,0,0,4,0,86016,4096,110074,2,0,1048576,4096,1048576,4096,0,16,0
23117,144,3,0,4,0,65535,0,184,0,0,0,64,0,,0,0,,216,332,5,2006,0,0,224,8450,267,8,0,86016,28672,0,18556,4096,90112,268435456,4096,4096,4,0,0,0,4,0,118784,4096,133398,2,0,1048576,4096,1048576,4096,0,16,0
23117,80,2,0,4,15,65535,0,184,0,0,0,64,26,,0,0,,256,332,3,2010,0,0,224,33167,267,2,25,540672,57344,2215936,2759136,2220032,2760704,4194304,4096,512,5,0,0,0,5,0,2818048,4096,0,2,0,1048576,16384,1048576,4096,0,16,0
23117,144,3,0,4,0,65535,0,184,0,0,0,64,0,,0,0,,208,332,5,2002,0,0,224,8450,267,7,0,45056,36864,0,12191,4096,49152,268435456,4096,4096,4,0,0,0,4,0,86016,4096,136299,2,0,1048576,4096,1048576,4096,0,16,0
23117,80,2,0,4,15,65535,0,184,0,0,0,64,26,,0,0,,256,332,3,2010,0,0,224,33167,267,2,25,704512,40960,2539520,3246816,2543616,3248128,4194304,4096,512,5,0,0,0,5,0,3289088,4096,0,2,0,1048576,16384,1048576,4096,0,16,0
23117,17739,20050,19525,12851,17454,19532,0,17744,0,332,3,45246,16401,,328,271,LoadLibraryA,16,332,3,2004,4283477248,2095789174,328,271,267,76,111,1766614113,1918988898,16761,4120,16,12288,4194304,4096,512,4,0,0,58,4,0,94208,512,0,2,0,1048576,4096,1048576,4096,0,10,0
23117,80,2,0,4,15,65535,0,184,0,0,0,64,26,,0,0,,256,332,3,2010,0,0,224,33167,267,2,25,565248,122880,2838528,3405168,2842624,3407872,4194304,4096,512,5,0,0,0,5,0,3530752,4096,0,2,0,1048576,16384,1048576,4096,0,16,0
23117,144,3,0,4,0,65535,0,184,0,0,0,64,0,,0,0,,216,332,5,2004,0,0,224,8450,267,8,0,86016,32768,0,19150,4096,90112,268435456,4096,4096,4,0,0,0,4,0,122880,4096,145578,2,0,1048576,4096,1048576,4096,0,16,0
23117,80,2,0,4,15,65535,0,184,0,0,0,64,26,,0,0,,256,332,3,2010,0,0,224,33167,267,2,25,536576,45056,2281472,2818992,2285568,2822144,4194304,4096,512,5,0,0,0,5,0,2867200,4096,0,2,0,1048576,16384,1048576,4096,0,16,0
23117,0,0,0,0,0,0,0,0,0,0,0,0,0,,0,0,,216,332,3,2011,0,0,224,258,267,10,0,133120,14848,0,93589,4096,139264,4194304,4096,512,5,1,1,0,5,1,159744,1024,0,2,33024,1048576,4096,1048576,4096,0,16,0
23117,144,3,0,4,0,65535,0,184,0,0,0,64,0,,0,0,,208,332,5,2007,0,0,224,8450,267,7,0,49152,32768,0,12913,4096,53248,268435456,4096,4096,4,0,0,0,4,0,86016,4096,104288,2,0,1048576,4096,1048576,4096,0,16,0
23117,144,3,0,4,0,65535,0,184,0,0,0,64,0,,0,0,,224,332,3,2005,0,0,224,258,267,9,0,167936,82432,0,18693,4096,196608,4194304,4096,512,4,0,0,0,5,0,282736,1024,0,2,0,2097152,4096,1048576,4096,0,16,0
23117,144,3,0,4,0,65535,0,184,0,0,0,64,0,,0,0,,224,332,3,2005,0,0,224,258,267,9,0,155648,92672,0,12716,4096,196608,4194304,4096,512,4,0,0,0,5,0,292928,1024,0,2,0,2097152,4096,1048576,4096,0,16,0
23117,144,3,0,4,0,65535,0,184,0,0,0,64,0,,0,0,,128,332,3,2005,0,0,224,271,267,8,0,233472,109056,0,8922,4096,274432,4194304,4096,512,4,0,0,0,5,0,387188,1024,0,2,0,2097152,4096,1048576,4096,0,16,0
23117,144,3,0,4,0,65535,0,184,0,0,0,64,0,,0,0,,224,332,3,2005,0,0,224,258,267,9,0,139264,104448,0,17213,4096,196608,4194304,4096,512,4,0,0,0,5,0,304644,1024,0,2,0,2097152,4096,1048576,4096,0,16,0
23117,144,3,0,4,0,65535,0,184,0,0,0,64,0,,0,0,,192,332,3,2011,0,0,224,271,267,8,12,204800,4096,81920,289360,86016,290816,4194304,4096,512,4,0,4,0,4,0,294912,4096,15,2,32768,1048576,4096,1048576,4096,0,16,0
23117,144,3,0,4,0,65535,0,184,0,0,0,64,0,,0,0,,232,332,3,2005,0,0,224,271,267,9,0,143360,99840,0,11020,4096,196608,4194304,4096,512,4,0,0,0,5,0,300528,1024,0,2,0,2097152,4096,1048576,4096,0,16,0
23117,144,3,0,4,0,65535,0,184,0,0,0,64,0,,0,0,,224,332,3,2005,0,0,224,258,267,9,0,180224,72704,0,19320,4096,196608,4194304,4096,512,4,0,0,0,5,0,273008,1024,0,2,0,2097152,4096,1048576,4096,0,16,0
23117,144,3,0,4,0,65535,0,184,0,0,0,64,0,,0,0,,224,332,3,2005,0,0,224,258,267,9,0,167936,82432,0,18693,4096,196608,4194304,4096,512,4,0,0,0,5,0,282736,1024,0,2,0,2097152,4096,1048576,4096,0,16,0
23117,144,3,0,4,0,65535,0,184,0,0,0,64,0,,0,0,,128,332,3,2005,0,0,224,271,267,8,0,217088,121856,0,13293,4096,274432,4194304,4096,512,4,0,0,0,5,0,399912,1024,0,2,0,2097152,4096,1048576,4096,0,16,0
23117,144,3,0,4,0,65535,0,184,0,0,0,64,0,,0,0,,224,332,3,2005,0,0,224,258,267,9,0,155648,92672,0,12716,4096,196608,4194304,4096,512,4,0,0,0,5,0,292928,1024,0,2,0,2097152,4096,1048576,4096,0,16,0
23117,144,3,0,4,0,65535,0,184,0,0,0,64,0,,0,0,,128,332,3,2005,0,0,224,270,267,8,0,217088,123392,0,19319,4096,274432,4194304,4096,512,4,0,0,0,5,0,401780,1024,0,2,0,2097152,4096,1048576,4096,0,16,0
23117,144,3,0,4,0,65535,0,184,0,0,0,64,0,,0,0,,224,332,3,2005,0,0,224,258,267,9,0,155648,90624,0,15747,4096,196608,4194304,4096,512,4,0,0,0,5,0,295224,1024,0,2,0,2097152,4096,1048576,4096,0,16,0
23117,144,3,0,4,0,65535,0,184,0,0,0,64,0,,0,0,,128,332,3,2005,0,0,224,271,267,9,0,221184,116736,0,19739,4096,274432,4194304,4096,512,4,0,0,0,5,0,394788,1024,0,2,0,2097152,4096,1048576,4096,0,16,0
23117,144,3,0,4,0,65535,0,184,0,0,0,64,0,,0,0,,224,332,3,2005,0,0,224,258,267,9,0,151552,94720,0,14349,4096,196608,4194304,4096,512,4,0,0,0,5,0,295072,1024,0,2,0,2097152,4096,1048576,4096,0,16,0
23117,144,3,0,4,0,65535,0,184,0,0,0,64,0,,0,0,,128,332,3,2005,0,0,224,271,267,9,0,241664,100864,0,16021,4096,274432,4194304,4096,512,4,0,0,0,5,0,379108,1024,0,2,0,2097152,4096,1048576,4096,0,16,0
23117,144,3,0,4,0,65535,0,184,0,0,0,64,0,,0,0,,224,332,3,2005,0,0,224,258,267,9,0,155648,96256,0,12865,4096,200704,4194304,4096,512,4,0,0,0,5,0,300680,1024,0,2,0,2097152,4096,1048576,4096,0,16,0
23117,144,3,0,4,0,65535,0,184,0,0,0,64,0,,0,0,,128,332,3,2005,0,0,224,271,267,9,0,172032,74752,0,11547,4096,192512,4194304,4096,512,4,0,0,0,5,0,270916,1024,0,2,0,2097152,4096,1048576,4096,0,16,0
23117,144,3,0,4,0,65535,0,184,0,0,0,64,0,,0,0,,232,332,3,2005,0,0,224,258,267,9,0,143360,98816,0,9437,4096,196608,4194304,4096,512,4,0,0,0,5,0,299396,1024,0,2,0,2097152,4096,1048576,4096,0,16,0
23117,144,3,0,4,0,65535,0,184,0,0,0,64,0,,0,0,,232,332,3,2005,0,0,224,271,267,9,0,167936,79872,0,19056,4096,196608,4194304,4096,512,4,0,0,0,5,0,280392,1024,0,2,0,2097152,4096,1048576,4096,0,16,0
23117,144,3,0,4,0,65535,0,184,0,0,0,64,0,,0,0,,216,332,3,2005,0,0,224,258,267,9,0,147456,98304,0,8003,4096,196608,4194304,4096,512,4,0,0,0,5,0,298776,1024,0,2,0,2097152,4096,1048576,4096,0,16,0
23117,144,3,0,4,0,65535,0,184,0,0,0,64,0,,0,0,,216,332,3,2005,0,0,224,258,267,9,0,143360,100864,0,13413,4096,196608,4194304,4096,512,4,0,0,0,5,0,301544,1024,0,2,0,2097152,4096,1048576,4096,0,16,0
23117,144,3,0,4,0,65535,0,184,0,0,0,64,0,,0,0,,128,332,3,2005,0,0,224,271,267,8,0,237568,104448,0,8128,4096,274432,4194304,4096,512,4,0,0,0,5,0,382884,1024,0,2,0,2097152,4096,1048576,4096,0,16,0
23117,144,3,0,4,0,65535,0,184,0,0,0,64,0,,0,0,,248,332,5,2010,0,0,224,258,267,9,0,8192,85504,0,8175,4096,12288,4194304,4096,512,5,0,0,0,5,0,106496,1024,129903,2,1088,1048576,4096,1048576,4096,0,16,1
23117,144,3,0,4,0,65535,0,184,0,0,0,64,0,,0,0,,224,332,6,2010,0,0,224,258,267,9,0,6144,84480,0,7204,4096,12288,4194304,4096,512,5,0,0,0,5,0,110592,1024,97419,2,1088,1048576,4096,1048576,4096,0,16,1
23117,144,3,0,4,0,65535,0,184,0,0,0,64,0,,0,0,,184,332,3,2008,0,0,224,782,267,6,0,90112,20480,159744,252768,163840,253952,4194304,4096,512,5,0,3,1,5,0,274432,4096,0,2,32768,5242880,4096,3145728,16384,0,16,1
23117,80,3,0,0,15,65535,0,0,0,0,0,64,26,,0,0,,124,332,4,1970,0,0,224,271,267,10,0,5632,382976,0,5428,4096,12288,4194304,4096,512,4,0,0,0,4,0,823296,1024,0,2,0,1048576,4096,1048576,4096,0,16,1
23117,144,3,0,4,0,65535,0,184,0,0,0,64,0,,0,0,,240,332,5,2009,0,0,224,271,267,3,13,28672,87552,0,17132,4096,36864,4194304,4096,512,4,0,0,0,4,0,131072,1536,0,2,0,7340032,20480,6291456,28672,0,16,1
23117,144,3,0,4,0,65535,0,184,0,0,0,64,0,,0,0,,288,332,11,2009,0,0,224,33167,267,3,14,18432,155136,0,8394,4096,24576,4194304,4096,512,4,0,0,0,4,0,208896,1536,0,2,0,1048576,16384,1048576,4096,0,16,1
23117,80,2,0,4,15,65535,0,184,0,0,0,64,26,,0,0,,256,332,3,1992,0,0,224,33167,267,2,25,430080,45056,266240,698640,270336,700416,4194304,4096,512,4,0,0,0,4,0,745472,4096,0,2,0,1048576,16384,1048576,4096,0,16,1
23117,144,3,0,4,0,65535,0,184,0,0,0,64,0,,0,0,,232,332,6,2010,0,0,224,258,267,9,0,7680,84992,0,8036,4096,12288,4194304,4096,512,5,0,0,0,5,0,110592,1024,143539,2,1088,1048576,4096,1048576,4096,0,16,1
23117,144,3,0,4,0,65535,0,184,0,0,0,64,0,,0,0,,216,332,5,2012,0,0,224,259,267,10,0,26112,17408,0,13050,4096,32768,4194304,4096,512,5,1,0,0,5,1,90112,2048,0,2,32768,1048576,4096,1048576,4096,0,16,1
23117,144,3,0,4,0,65535,0,184,0,0,0,64,0,,0,0,,248,332,5,2010,0,0,224,259,267,6,0,0,0,0,7680,0,0,4194304,4096,512,5,0,0,0,5,0,462848,1024,0,2,32768,1048576,4096,1048576,4096,0,16,1
23117,144,3,0,4,0,65535,0,184,0,0,0,64,0,,0,0,,256,332,3,2007,0,0,224,259,267,8,0,20480,4096,40960,61728,45056,65536,4194304,4096,512,5,0,0,0,5,0,69632,4096,0,2,33792,1048576,4096,1048576,4096,0,16,1
23117,144,3,0,4,0,65535,0,184,0,0,0,64,0,,0,0,,128,332,5,2012,0,0,224,271,267,2,50,3026432,13312,0,4096,4096,28672,4194304,4096,512,4,0,0,0,4,0,49152,1024,0,2,0,1048576,4096,1048576,4096,0,16,1
23117,144,3,0,4,0,65535,0,184,0,0,0,64,0,,0,0,,248,332,5,2010,0,0,224,259,267,6,0,0,0,0,7904,0,0,4194304,4096,512,5,0,0,0,5,0,462848,1024,0,2,32768,1048576,4096,1048576,4096,0,16,1
23117,80,2,0,4,15,65535,0,184,0,0,0,64,26,,0,0,,124,332,4,2011,0,0,224,271,267,10,0,1536,11776,0,750500,749568,753664,4194304,4096,512,4,0,0,0,4,0,770048,749568,376510,2,0,1048576,4096,1048576,4096,0,16,1
23117,144,3,0,4,0,65535,0,184,0,0,0,64,0,,0,0,,192,332,2,2012,0,0,224,271,267,5,12,11392,384,0,11568,640,12032,1441792,128,128,4,0,0,0,4,0,12416,640,0,2,0,1048576,4096,1048576,4096,0,16,1
23117,128,1,0,4,16,65535,0,320,0,0,0,64,0,,0,0,,128,332,5,2002,0,0,224,270,267,5,0,36352,2739712,0,21736,4096,40960,4194304,4096,512,4,0,0,0,4,0,7303168,1024,0,2,0,1048576,8192,16777216,4096,0,16,1
23117,144,3,0,4,0,65535,0,184,0,0,0,64,0,,0,0,,232,332,4,2012,0,0,224,271,267,7,10,8192,126976,0,7772,4096,12288,4194304,4096,4096,4,0,0,0,4,0,139264,4096,0,2,0,1048576,4096,1048576,4096,0,16,1
23117,144,3,0,4,0,65535,0,184,0,0,0,64,0,,0,0,,240,332,3,2009,0,0,224,271,267,3,5,34816,80896,0,20903,4096,40960,4194304,4096,512,4,0,0,0,4,0,126976,1536,0,2,0,1048576,4096,1048576,4096,0,16,1
23117,144,3,0,4,0,65535,0,184,0,0,0,64,0,,0,0,,216,332,12,2011,0,0,224,258,267,10,0,143360,22016,0,11622,4096,434176,4194304,4096,512,5,1,0,0,5,1,487424,1024,0,2,0,1048576,4096,1048576,4096,0,16,1
23117,144,3,0,4,0,65535,0,184,0,0,0,64,0,,0,0,,192,332,5,2011,0,0,224,271,267,6,0,53248,12288,0,5724,4096,57344,4194304,4096,512,4,0,2,0,4,0,98304,1024,88764,2,0,1048576,4096,1048576,4096,0,16,1
23117,144,3,0,4,0,65535,0,184,0,0,0,64,0,,0,0,,224,332,4,2011,0,0,224,271,267,6,0,90112,176128,0,91682,4096,94208,4194304,4096,4096,4,0,0,0,4,0,270336,4096,0,2,0,1048576,4096,1048576,4096,0,16,1
23117,144,3,0,4,0,65535,0,184,0,0,0,64,0,,0,0,,184,332,3,2011,0,0,224,271,267,6,0,73728,233472,0,7964,4096,77824,4194304,4096,4096,4,0,1,0,4,0,315392,4096,369418,2,0,1048576,4096,1048576,4096,0,16,1
23117,144,3,0,4,0,65535,0,184,0,0,0,64,0,,0,0,,240,332,5,2012,0,0,224,259,267,9,0,32256,135168,0,16964,4096,40960,4194304,4096,512,5,0,0,0,5,0,184320,1024,0,2,33024,1048576,4096,1048576,4096,0,16,1
23117,80,2,0,4,15,65535,0,0,0,0,0,64,26,,0,0,,124,332,4,2011,0,0,224,271,267,10,0,6144,20480,0,6084,4096,12288,16777216,4096,512,4,0,0,0,4,0,679936,4096,0,2,0,1048576,4096,1048576,4096,0,16,1
23117,144,3,0,4,0,65535,0,184,0,0,0,64,0,,0,0,,176,332,3,2010,0,0,224,271,267,5,12,12800,28160,0,16188,4096,20480,4194304,4096,512,4,0,0,0,4,0,53248,1024,0,2,0,1048576,4096,1048576,4096,0,16,1
23117,80,2,0,4,15,65535,0,184,0,0,0,64,26,,0,0,,256,332,3,1992,0,0,224,33167,267,2,25,483328,40960,290816,775824,294912,778240,4194304,4096,512,4,0,0,0,4,0,819200,4096,0,2,0,1048576,16384,1048576,4096,0,16,1
23117,144,3,0,4,0,65535,0,184,0,0,0,64,0,,0,0,,224,332,5,2012,0,0,224,258,267,10,0,32256,43008,0,8976,4096,36864,4194304,4096,512,5,1,0,0,5,1,94208,1024,112760,2,32832,1048576,4096,1048576,4096,0,16,1
23117,144,3,0,4,0,65535,0,184,0,0,0,64,0,,0,0,,240,332,3,2009,0,0,224,271,267,2,15,22528,79872,0,18695,4096,28672,4194304,4096,512,4,0,0,0,4,0,114688,1024,0,2,0,13631488,20480,5242880,16384,0,16,1
23117,144,3,0,4,0,65535,0,184,0,0,0,64,0,ƒ,0,0,,232,332,3,2011,0,0,224,258,267,7,0,15360,2560,0,15864,4096,20480,4194304,4096,512,4,0,0,0,4,0,57344,1024,49649,2,0,1048576,4096,1048576,4096,0,16,1
23117,144,3,0,4,0,65535,0,184,0,0,0,64,0,,0,0,,240,332,4,2007,0,0,224,271,267,8,0,57344,65536,0,12795,4096,61440,4194304,4096,512,4,0,0,0,4,0,126976,1024,0,2,0,1048576,4096,1048576,4096,0,16,1
23117,80,2,0,4,15,65535,0,184,0,0,0,64,26,,0,0,,256,332,10,1992,0,0,224,33166,267,2,25,729088,97792,0,847873,4096,733184,4194304,4096,512,4,0,0,0,4,0,860160,1024,0,2,0,1048576,16384,1048576,4096,0,16,1
23117,144,3,0,4,0,65535,0,184,0,0,0,64,0,,0,0,,128,332,5,1998,0,0,224,258,267,1,1,12288,17408,0,5632,4096,16384,4194304,4096,512,3,0,0,0,4,0,41166,1024,0,2,0,1048576,4096,1048576,4096,0,16,1
23117,144,3,0,4,0,65535,0,184,0,0,0,64,0,,0,0,,128,332,8,2012,0,0,224,783,267,1,2,11264,22528,512,4672,4096,16384,4194304,4096,512,1,5,1,2,4,0,348160,1024,40130,2,0,2097152,4096,1048576,4096,0,16,1
23117,144,3,0,4,0,65535,0,184,0,0,0,64,0,,0,0,,128,332,3,2005,0,0,224,266,267,8,0,221184,135168,0,21923,4096,290816,4194304,4096,512,4,0,0,0,5,0,429676,1024,542946,2,0,2097152,4096,1048576,4096,0,16,1
23117,144,3,0,4,0,65535,0,184,0,0,0,1,0,,0,0,,184,332,3,2010,0,0,224,271,267,6,0,114688,438272,0,4684,4096,118784,4194304,4096,4096,4,0,1,0,4,0,565248,4096,568104,2,0,1048576,4096,1048576,4096,0,16,1
23117,144,3,0,4,0,65535,0,184,0,0,0,64,0,,0,0,,240,332,3,2011,0,0,224,258,267,10,0,897024,4096,1888256,2784208,1892352,2789376,4194304,4096,512,5,1,0,0,5,1,2793472,4096,0,2,33024,1048576,4096,1048576,4096,0,16,1
23117,144,3,0,4,0,65535,0,184,0,0,0,64,0,,0,0,,256,332,5,2009,0,0,224,271,267,2,5,29696,92160,0,20187,4096,36864,4194304,4096,512,4,0,0,0,4,0,139264,1024,0,2,0,3145728,4096,4194304,24576,0,16,1
23117,144,3,0,4,0,65535,0,184,0,0,0,64,0,,0,0,,232,332,4,2009,0,0,224,271,267,7,10,9728,56832,0,6880,4096,16384,4194304,4096,512,4,0,0,0,4,0,118784,1024,0,2,0,1048576,4096,1048576,4096,0,16,1
23117,144,3,0,4,0,65535,0,184,0,0,0,64,0,,0,0,,208,332,7,2011,0,0,224,258,267,10,0,49664,96256,0,40764,4096,57344,4194304,4096,512,5,1,0,0,5,1,327680,1024,0,2,0,1048576,4096,1048576,4096,0,16,1
23117,144,3,0,4,0,65535,0,184,0,0,0,64,0,,0,0,,248,332,3,2009,0,0,224,271,267,4,12,32768,74240,0,25197,4096,36864,4194304,4096,512,4,0,0,0,4,0,114688,1536,0,2,0,1048576,24576,11534336,28672,0,16,1
23117,144,3,0,4,0,65535,0,184,0,0,0,64,0,,0,0,,240,332,4,1996,0,0,224,258,267,6,0,50176,96256,0,20663,4096,57344,268435456,4096,512,5,0,5,0,5,0,155648,1024,159321,2,1024,1048576,4096,1048576,4096,0,16,1
23117,80,2,0,4,15,65535,0,184,0,0,0,64,26,,0,0,,256,332,3,2012,0,0,224,33167,267,2,25,286720,4096,217088,504736,221184,507904,4194304,4096,512,5,0,0,0,5,0,512000,4096,0,2,0,1048576,16384,1048576,4096,0,16,1
23117,144,3,0,4,0,65535,0,184,0,0,0,64,0,,0,0,,224,332,9,2012,0,0,224,258,267,81,0,181248,47104,0,12817,4096,188416,4194304,4096,512,5,1,0,0,5,1,327680,1024,233246,2,0,1048576,4096,1048576,4096,0,16,1
23117,80,2,0,4,15,65535,0,184,0,0,0,64,26,,0,0,,256,332,8,1992,0,0,224,33166,267,2,25,33280,33280,0,36804,4096,40960,4194304,4096,512,4,0,0,0,4,0,94208,1024,0,2,0,1048576,16384,1048576,4096,0,16,1
23117,144,2,0,4,15,65535,0,184,0,0,0,64,26,,0,0,,256,332,4,2009,0,0,224,271,267,5,1,15872,59392,0,7133,4096,20480,4194304,4096,512,4,0,0,0,4,0,122880,1536,0,2,0,1048576,8192,1048576,4096,0,16,1
23117,144,3,0,4,0,65535,0,184,0,0,0,64,0,,0,0,,216,332,6,2010,0,0,224,258,267,9,0,6656,84480,0,7316,4096,12288,4194304,4096,512,5,0,0,0,5,0,110592,1024,102150,2,1088,1048576,4096,1048576,4096,0,16,1
23117,144,3,0,4,0,65535,0,184,0,0,0,64,0,,0,0,,232,332,6,2009,0,0,224,271,267,7,10,4096,2592768,2072576,4354,4096,8192,4194304,4096,4096,4,0,0,0,4,0,2600960,4096,0,2,0,1048576,4096,1048576,4096,0,16,1
23117,144,3,0,4,0,65535,0,184,0,0,0,64,0,,0,0,,248,332,5,2010,0,0,224,258,267,9,0,8192,85504,0,8175,4096,12288,4194304,4096,512,5,0,0,0,5,0,106496,1024,114750,2,1088,1048576,4096,1048576,4096,0,16,1
23117,144,3,0,4,0,65535,0,184,0,0,0,64,0,,0,0,,208,332,5,2011,0,0,224,271,267,6,0,28672,363008,0,20071,4096,32768,4194304,4096,512,4,0,0,0,4,0,847872,4096,455140,2,0,1048576,4096,1048576,4096,0,16,1
23117,144,3,0,4,0,65535,0,184,0,0,0,64,0,,0,0,,192,332,3,2010,0,0,224,271,267,7,10,10752,913408,0,4280,4096,16384,4194304,4096,512,4,0,7,5,4,0,933888,1024,971486,2,0,1048576,4096,1048576,4096,0,16,1
23117,144,3,0,4,0,65535,0,184,0,0,0,64,0,,0,0,,232,332,3,2001,0,0,224,771,267,7,10,23040,184832,0,13634,4096,28672,16777216,4096,512,5,1,35815,32704,4,0,217088,1024,257299,2,32768,16777216,16384,262144,4096,0,16,1
23117,144,3,0,4,0,65535,0,184,0,0,0,64,0,,0,0,,232,332,4,2012,0,0,224,271,267,6,0,14848,433664,0,18190,4096,20480,4194304,4096,512,4,0,0,0,4,0,458752,1024,0,2,0,1048576,4096,1048576,4096,0,16,1
23117,144,3,0,4,0,65535,0,184,0,0,0,64,0,,0,0,,240,332,6,2008,0,0,224,782,267,4,1,8192,680448,0,9612,4096,12288,4194304,4096,512,5,0,0,0,5,0,700416,1024,722110,2,33088,1048576,4096,1048576,4096,0,16,1
23117,144,3,0,4,0,65535,0,184,0,0,0,64,0,,0,0,,128,332,4,2004,0,0,224,778,267,7,0,122713,0,4096,9971,4096,126976,4194304,4096,512,4,0,0,0,5,0,229376,1024,0,2,0,1048576,4096,1048576,4096,0,16,1
23117,144,3,0,4,0,65535,0,184,0,0,0,64,0,,0,0,,256,332,4,2010,0,0,224,271,267,2,3,23040,88576,0,23126,4096,28672,4194304,4096,512,4,0,0,0,4,0,122880,1536,0,2,0,11534336,12288,20971520,28672,0,16,1
23117,144,3,0,4,0,65535,0,184,0,0,0,64,0,,0,0,,128,332,4,2011,0,0,224,258,267,8,0,41984,100864,0,49742,8192,57344,4194304,8192,512,4,0,0,0,4,0,180224,1024,0,2,34112,1048576,4096,1048576,4096,0,16,1
23117,144,3,0,4,0,65535,0,184,0,0,0,64,0,,0,0,,208,332,6,2011,0,0,224,258,267,9,0,39424,10752,0,41072,4096,45056,4194304,4096,512,5,0,0,0,5,0,65536,1024,53538,2,32768,1048576,4096,1048576,4096,0,16,1
23117,144,3,0,4,0,65535,0,184,0,0,0,64,0,,0,0,,248,332,4,2010,0,0,224,271,267,4,14,29184,88064,0,17329,4096,36864,4194304,4096,512,4,0,0,0,4,0,131072,1536,0,2,0,29360128,40960,18874368,24576,0,16,1
23117,144,3,0,4,0,65535,0,184,0,0,0,64,0,,0,0,,224,332,5,2011,0,0,224,258,267,10,0,38400,50176,0,15073,4096,45056,4194304,4096,512,5,1,0,0,5,1,102400,1024,121640,2,33024,1048576,4096,1048576,4096,0,16,1
23117,80,2,0,4,15,65535,0,184,0,0,0,64,26,,0,0,,256,332,3,1992,0,0,224,33167,267,2,25,339968,4096,307200,647488,311296,651264,4194304,4096,512,4,0,0,0,4,0,655360,4096,0,2,0,1048576,16384,1048576,4096,0,16,1
23117,144,3,0,4,0,65535,0,184,0,0,0,64,0,,0,0,,192,332,2,2011,0,0,224,271,267,5,12,21120,384,0,21445,640,21760,2097152,128,128,4,0,0,0,4,0,22144,640,0,2,0,1048576,4096,1048576,4096,0,16,1
23117,144,3,0,4,0,65535,0,184,0,0,0,64,0,,0,0,,248,332,5,2011,0,0,224,258,267,9,0,122880,50176,0,32392,4096,126976,4194304,4096,512,5,0,0,0,5,0,184320,1024,0,2,32768,1048576,4096,1048576,4096,0,16,1
23117,144,3,0,4,0,65535,0,184,0,0,0,64,0,,256,49831,ÚÌÏÌ‚ÎÁÂ°,120,332,4,2004,0,0,224,782,267,5,0,4096,24576,0,4096,4096,8192,4194304,4096,512,4,0,0,0,4,0,32768,1024,0,2,0,1048576,4096,1048576,4096,0,16,1
23117,144,3,0,4,0,65535,0,184,0,0,0,64,0,,0,0,,216,332,5,2011,0,0,224,258,267,10,0,3072,3072,0,6767,4096,8192,4194304,4096,512,5,1,0,0,5,1,24576,1024,18529,2,34112,1048576,4096,1048576,4096,0,16,1
23117,144,3,0,4,0,65535,0,184,0,0,0,64,0,,0,0,,216,332,4,2012,0,0,224,259,267,9,0,25600,2560,0,6672,4096,32768,4194304,4096,512,5,0,0,0,5,0,40960,1024,61465,2,32768,1048576,4096,1048576,4096,0,16,1
23117,144,3,0,4,0,65535,0,184,0,0,0,64,0,,0,0,,192,332,4,2009,0,0,224,271,267,5,0,2048,7680,0,4184,4096,8192,4194304,4096,512,4,0,0,0,4,0,630784,4096,0,2,0,1048576,4096,1048576,4096,0,16,1
23117,144,3,0,4,0,65535,0,184,0,0,0,64,0,,0,0,,232,332,6,2010,0,0,224,258,267,9,0,7168,89088,0,6927,4096,12288,4194304,4096,512,5,0,0,0,5,0,114688,1024,117810,2,1088,1048576,4096,1048576,4096,0,16,1
23117,144,3,0,4,0,65535,0,184,0,0,0,64,0,,0,0,,192,332,3,2007,0,0,224,271,267,0,0,196608,4096,106496,303648,110592,307200,4194304,4096,4096,5,0,10,3,4,0,311296,4096,0,2,32768,1048576,4096,1048576,4096,0,16,1
23117,144,3,0,4,0,65535,0,184,0,0,0,64,0,,0,0,,256,332,4,2010,0,0,224,271,267,2,3,23040,88576,0,23126,4096,28672,4194304,4096,512,4,0,0,0,4,0,122880,1536,0,2,0,11534336,12288,20971520,28672,0,16,1
23117,80,2,0,4,15,65535,0,184,0,0,0,64,26,,0,0,,256,332,7,1992,0,0,224,33166,267,2,25,82432,13312,0,20900,4096,90112,4194304,4096,512,4,0,0,0,4,0,118784,1024,0,2,0,1048576,16384,1048576,4096,0,16,1
23117,144,3,0,4,0,65535,0,184,0,0,0,64,0,,0,0,,240,332,4,2010,0,0,224,271,267,4,7,32256,78336,0,25384,4096,45056,4194304,4096,512,4,0,0,0,4,0,122880,1536,0,2,0,28311552,8192,2097152,16384,0,16,1
23117,144,3,0,4,0,65535,0,184,0,0,0,64,0,,0,0,,192,332,3,2012,0,0,224,259,267,10,0,32256,41984,0,15929,4096,36864,4194304,4096,512,5,1,0,0,5,1,81920,1024,0,2,33024,1048576,4096,1048576,4096,0,16,1
23117,144,3,0,4,0,65535,0,184,0,0,0,64,0,,0,0,,272,332,3,2010,0,0,224,291,267,9,0,270336,147456,585728,856960,589824,860160,4194304,4096,512,5,0,0,0,5,0,1007616,4096,0,2,32768,4194304,4096,4194304,4096,0,16,1
23117,144,3,0,4,0,65535,0,184,0,0,0,64,0,,0,0,,256,332,5,2009,0,0,224,271,267,2,5,29696,92160,0,20187,4096,36864,4194304,4096,512,4,0,0,0,4,0,139264,1024,0,2,0,3145728,4096,4194304,24576,0,16,1
23117,144,3,0,4,0,65535,0,184,0,0,0,64,0,,0,0,,248,332,4,2011,0,0,224,259,267,9,0,10240,190976,0,13732,4096,16384,4194304,4096,512,5,0,0,0,5,0,212992,1024,0,2,32768,1048576,4096,1048576,4096,0,16,1
23117,144,8,0,4,0,65535,0,40,0,0,0,64,0,,0,0,,128,332,5,2008,0,0,224,271,267,8,0,31232,56832,0,26024,4096,61440,4194304,4096,512,5,1,5,1,4,0,98304,4096,0,2,0,1048576,4096,1048576,4096,0,16,1
23117,80,2,0,4,15,65535,0,184,0,0,0,64,26,,0,0,,256,332,6,1992,0,0,224,33166,267,2,25,13824,66048,0,16056,4096,20480,4194304,4096,512,4,0,0,0,4,0,102400,1024,0,2,0,1048576,16384,1048576,4096,0,16,1
23117,80,2,0,4,15,65535,0,184,0,0,0,64,26,,0,0,,124,332,4,2011,0,0,224,271,267,8,0,3072,8704,0,4096,4096,8192,4194304,4096,512,4,0,0,0,4,0,24576,4096,0,2,0,1048576,4096,1048576,4096,0,16,1
23117,144,3,0,4,0,65535,0,184,0,0,0,64,0,,0,0,,240,332,5,2011,0,0,224,258,267,8,0,102400,1961984,0,20338,4096,221184,4194304,4096,4096,4,0,0,0,4,0,2068480,4096,0,2,0,1048576,4096,1048576,4096,0,16,1
23117,144,3,0,4,0,65535,0,184,0,0,0,64,0,,0,0,,216,332,4,2002,0,0,224,8450,267,8,0,36864,528384,0,10284,4096,40960,268435456,4096,4096,4,0,0,0,4,0,569344,4096,629752,2,0,1048576,4096,1048576,4096,0,16,1
23117,144,3,0,4,0,65535,0,184,0,0,0,64,0,,0,0,,224,332,4,2010,0,0,224,258,267,6,0,49152,36864,0,41256,4096,53248,268435456,4096,4096,4,0,0,0,4,0,90112,1024,0,2,0,1048576,4096,1048576,4096,0,16,1
23117,144,3,0,4,0,65535,0,184,0,0,0,64,0,,0,0,,240,332,4,2007,0,0,224,271,267,8,0,81920,65536,0,12858,4096,86016,4194304,4096,512,4,0,0,0,4,0,151552,1024,0,2,0,1048576,4096,1048576,4096,0,16,1
23117,144,3,0,4,0,65535,0,184,0,0,0,64,0,,0,0,,216,332,5,2011,0,0,224,271,267,6,0,28672,363008,0,20289,4096,32768,4194304,4096,512,4,0,0,0,4,0,847872,4096,443400,2,0,1048576,4096,1048576,4096,0,16,1
23117,144,3,0,4,0,65535,0,184,0,0,0,64,0,,0,0,,224,332,8,2011,0,0,224,258,267,10,0,1930752,9728,0,10588,4096,16384,4194304,4096,512,5,1,0,0,5,1,61440,1024,57329,2,0,1048576,4096,1048576,4096,0,16,1
23117,144,3,0,4,0,65535,0,184,0,0,0,64,0,,0,0,,216,332,3,2004,0,0,224,779,267,7,10,62464,153088,0,16774,4096,69632,16777216,4096,512,5,1,26432,60784,4,0,225280,1024,279600,2,32768,4194304,8192,65536,65536,0,16,1
23117,144,3,0,4,0,65535,0,184,0,0,0,64,0,,0,0,,184,332,3,2010,0,0,224,271,267,6,0,208896,65536,0,70972,4096,212992,4194304,4096,4096,4,0,1,0,4,0,278528,4096,225721,2,0,1048576,4096,1048576,4096,0,16,1
23117,144,3,0,4,0,65535,0,184,0,0,0,64,0,,0,0,,240,332,5,2012,0,0,224,259,267,9,0,66560,421888,0,7081,4096,73728,4194304,4096,512,5,0,0,0,5,0,884736,1024,0,2,33024,1048576,4096,1048576,4096,0,16,1
23117,144,3,0,4,0,65535,0,184,0,0,0,64,0,,0,0,,128,332,4,2012,0,0,224,270,267,2,50,112128,26624,0,111632,4096,118784,4194304,4096,512,4,0,0,0,4,0,147456,1024,167828,2,0,1048576,4096,1048576,4096,0,16,1
23117,144,3,0,4,0,65535,0,184,0,0,0,64,0,,0,0,,224,332,6,2010,0,0,224,258,267,9,0,6144,88576,0,6975,4096,12288,4194304,4096,512,5,0,0,0,5,0,114688,1024,108860,2,1088,1048576,4096,1048576,4096,0,16,1
23117,144,3,0,4,0,65535,0,184,0,0,0,64,0,,0,0,,248,332,4,2010,0,0,224,271,267,4,14,29184,88064,0,17329,4096,36864,4194304,4096,512,4,0,0,0,4,0,131072,1536,0,2,0,29360128,40960,18874368,24576,0,16,1
23117,144,3,0,4,0,65535,0,184,0,0,0,64,0,,0,0,,232,332,6,2010,0,0,224,258,267,9,0,6656,88576,0,7447,4096,12288,4194304,4096,512,5,0,0,0,5,0,114688,1024,125294,2,1088,1048576,4096,1048576,4096,0,16,1
23117,144,3,0,4,0,65535,0,184,0,0,0,64,0,,0,0,,232,332,4,2012,0,0,224,271,267,6,0,36864,20480,0,38928,4096,40960,4194304,4096,4096,4,0,0,0,4,0,61440,4096,0,2,0,1048576,4096,1048576,4096,0,16,1
23117,144,3,0,4,0,65535,0,184,0,0,0,64,0,,0,0,,208,332,7,2010,0,0,224,271,267,2,0,7168,779264,0,4122,4096,12288,4194304,4096,512,4,0,0,0,4,0,790528,1024,447070,2,0,1048576,4096,1048576,4096,0,16,1
23117,80,2,0,4,15,65535,0,184,0,0,0,64,26,,0,0,,256,332,8,1992,0,0,224,33166,267,2,25,39424,318976,0,42964,4096,45056,4194304,4096,512,4,0,0,0,4,0,380928,1024,0,2,0,1048576,16384,1048576,4096,0,16,1
23117,144,3,0,4,0,65535,0,184,0,0,0,64,0,,0,0,,248,332,5,2009,0,0,224,271,267,3,5,35840,89088,0,26397,4096,126976,4194304,4096,512,4,0,0,0,4,0,135168,1024,0,2,0,4194304,16384,20971520,4096,0,16,1
23117,144,3,0,4,0,65535,0,184,0,0,0,64,0,,0,0,,248,332,5,2010,0,0,224,259,267,6,0,0,0,0,8976,0,0,4194304,4096,512,5,0,0,0,5,0,462848,1024,0,2,32768,1048576,4096,1048576,4096,0,16,1
23117,144,3,0,4,0,65535,0,184,0,0,0,64,0,,0,0,,240,332,4,2012,0,0,224,271,267,7,10,20480,20480,0,4486,4096,24576,4194304,4096,4096,4,0,0,0,4,0,45056,4096,47607,2,0,1048576,4096,1048576,4096,0,16,1
23117,144,3,0,4,0,65535,0,184,0,0,0,64,0,,0,0,,176,332,3,2011,0,0,224,271,267,6,0,122880,16384,0,4724,4096,126976,4194304,4096,4096,4,0,1,0,4,0,143360,4096,139188,2,0,1048576,4096,1048576,4096,0,16,1
23117,144,3,0,4,0,65535,0,184,0,0,0,64,0,,0,0,,128,332,4,2007,0,0,224,271,267,8,0,8704,1373184,942080,4304,4096,16384,4194304,4096,512,4,0,0,0,4,0,1392640,1024,0,2,0,1048576,4096,1048576,4096,0,16,1
23117,144,3,0,4,0,65535,0,184,0,0,0,64,0,,0,0,,240,332,5,2009,0,0,224,271,267,3,3,35328,76800,0,22549,4096,122880,4194304,4096,512,4,0,0,0,4,0,131072,1536,0,2,0,23068672,40960,14680064,12288,0,16,1
23117,144,3,0,4,0,65535,0,184,0,0,0,64,0,,0,0,,128,332,6,2009,0,0,224,270,267,7,10,5632,2188288,1916928,4354,4096,12288,6291456,4096,512,4,0,0,0,4,0,2207744,1024,507364,2,64,1048576,4096,1048576,4096,0,16,1
23117,80,2,0,4,15,65535,0,184,0,0,0,64,26,,0,0,,256,332,3,1992,0,0,224,33166,267,2,25,53248,20480,90112,146832,94208,147456,4194304,4096,512,4,0,0,0,4,0,167936,4096,0,2,0,1048576,16384,1048576,4096,0,16,1
23117,144,3,0,4,0,65535,0,184,0,0,0,64,0,,0,0,,248,332,5,2009,0,0,224,271,267,4,12,37376,84992,0,21015,4096,126976,4194304,4096,512,4,0,0,0,4,0,139264,1536,0,2,0,19922944,4096,3145728,36864,0,16,1
23117,144,3,0,4,0,65535,0,184,0,0,0,64,0,,0,0,,128,332,3,2011,0,0,224,258,267,8,0,569344,8192,0,575966,8192,581632,4194304,8192,4096,4,0,0,0,4,0,598016,4096,0,2,34112,1048576,4096,1048576,4096,0,10,1
23117,144,3,0,4,0,65535,0,184,0,0,0,64,0,,0,0,,200,332,3,2012,0,0,224,271,267,6,0,32768,4096,65536,98688,69632,102400,4194304,4096,512,4,0,1,0,4,0,106496,4096,0,2,0,1048576,4096,1048576,4096,0,16,1
23117,144,3,0,4,0,65535,0,184,0,0,0,64,0,,0,0,,232,332,4,2011,0,0,224,258,267,9,0,38400,7168,0,6992,4096,45056,4194304,4096,512,5,0,0,0,5,0,61440,1024,77968,2,32768,1048576,4096,1048576,4096,0,16,1
23117,144,3,0,4,0,65535,0,184,0,0,0,64,0,,0,0,,248,332,4,2102,0,0,224,258,267,9,0,0,6144,0,4400,4096,4096,4194304,4096,512,5,0,0,0,5,0,86016,1024,0,2,0,1048576,4096,1048576,4096,0,16,1
23117,144,3,0,4,0,65535,0,184,0,0,0,64,0,,0,0,,200,332,4,2005,0,0,224,33167,267,3,6,210944,44032,65536,92792,4096,217088,4194304,4096,512,4,0,0,0,5,0,408272,1024,0,2,0,1048576,4096,1048576,4096,0,16,1
23117,144,3,0,4,0,65535,0,184,0,0,0,64,0,,0,0,,128,332,4,2004,0,0,224,262,267,7,0,184320,103936,0,17988,4096,221184,812056576,4096,512,4,0,0,0,5,0,335872,1024,0,2,0,2097152,4096,1048576,4096,0,16,1
23117,144,3,0,4,0,65535,0,184,0,0,0,64,0,,0,0,,208,332,4,2011,0,0,224,259,267,9,0,46592,20992,0,9922,4096,53248,4194304,4096,512,5,0,0,0,5,0,110592,1024,106623,2,32768,1048576,4096,1048576,4096,0,16,1
23117,144,3,0,4,0,65535,0,184,0,0,0,64,0,,0,0,,240,332,4,2009,0,0,224,271,267,4,3,28160,73216,0,14233,4096,36864,4194304,4096,512,4,0,0,0,4,0,114688,1024,0,2,0,20971520,28672,12582912,40960,0,16,1
23117,144,3,0,4,0,65535,0,184,0,0,0,64,0,,0,0,,232,332,5,2009,0,0,224,258,267,5,10,241664,1863680,0,32694,4096,294912,4194304,4096,4096,4,0,0,0,4,0,2109440,4096,0,2,0,1048576,4096,1048576,4096,0,16,1
23117,144,3,0,4,0,65535,0,184,0,0,0,64,0,,0,0,,240,332,3,2009,0,0,224,271,267,4,13,37376,82944,0,20007,4096,45056,4194304,4096,512,4,0,0,0,4,0,131072,1536,0,2,0,31457280,40960,11534336,24576,0,16,1
23117,144,3,0,4,0,65535,0,184,0,0,0,64,0,,0,0,,264,332,4,2012,0,0,224,259,267,9,0,9728,136192,0,13002,4096,16384,4194304,4096,512,5,0,0,0,5,0,155648,1024,0,2,32768,1048576,4096,1048576,4096,0,16,1
23117,144,3,0,4,0,65535,0,184,0,0,0,64,0,,0,0,,216,332,6,2011,0,0,224,258,267,10,0,65024,69632,0,4135,4096,36864,4194304,4096,512,5,1,0,0,5,1,212992,1024,187620,2,0,1048576,4096,1048576,4096,0,16,1
23117,144,3,0,4,0,65535,0,184,0,0,0,64,0,,0,0,,240,332,4,2010,0,0,224,259,267,10,0,32768,22528,0,19837,4096,36864,4194304,4096,512,5,1,0,0,5,1,73728,1024,93338,2,33024,1048576,4096,1048576,4096,0,16,1
23117,144,3,0,4,0,65535,0,184,0,0,0,64,0,,0,0,,224,332,3,2011,0,0,224,271,267,8,12,229376,4096,81920,314944,86016,315392,4194304,4096,512,4,0,4,0,4,0,319488,4096,50,2,32768,1048576,4096,1048576,4096,0,16,1
23117,80,2,0,4,15,65535,0,184,0,0,0,64,26,,0,0,,124,332,4,2011,0,0,224,271,267,10,0,1536,11776,0,750500,749568,753664,4194304,4096,512,4,0,0,0,4,0,770048,749568,375743,2,0,1048576,4096,1048576,4096,0,16,1
23117,144,3,0,4,0,65535,0,184,0,0,0,64,0,,0,0,,232,332,6,2010,0,0,224,258,267,9,0,7680,84992,0,8036,4096,12288,4194304,4096,512,5,0,0,0,5,0,110592,1024,114573,2,1088,1048576,4096,1048576,4096,0,16,1
23117,144,3,0,4,0,65535,0,184,0,0,0,64,0,,0,0,,232,332,6,2010,0,0,224,258,267,9,0,7680,84992,0,8036,4096,12288,4194304,4096,512,5,0,0,0,5,0,110592,1024,144658,2,1088,1048576,4096,1048576,4096,0,16,1
23117,144,3,0,4,0,65535,0,184,0,0,0,64,0,,0,0,,200,332,5,2010,0,0,224,270,267,5,12,4608,14080,0,768,768,5376,186646528,256,256,4,0,0,0,4,0,19456,768,44314,2,0,1048576,4096,1048576,4096,0,16,1
23117,144,3,0,4,0,65535,0,184,0,0,0,64,0,,0,0,,184,332,3,2011,0,0,224,271,267,6,0,86016,172032,0,4844,4096,90112,4194304,4096,4096,4,0,1,0,4,0,266240,4096,289231,2,0,1048576,4096,1048576,4096,0,16,1
23117,144,3,0,4,0,65535,0,184,0,0,0,64,0,,0,0,,208,332,8,2012,0,0,224,271,267,7,0,80896,326082,0,5103,4096,86016,16777216,4096,512,4,0,0,0,4,0,831488,1024,0,2,0,1048576,16384,1048576,4096,0,16,1
23117,80,2,0,4,15,65535,0,184,0,0,0,64,26,,18432,14716,äÇàSÔšÕ,256,332,3,1992,0,0,224,33167,267,2,25,663552,65536,315392,980464,319488,983040,4194304,4096,512,4,0,0,0,4,0,1048576,4096,0,2,0,1048576,16384,1048576,4096,0,16,1
23117,80,2,0,4,15,65535,0,184,0,0,0,64,26,,0,0,,256,332,8,1992,0,0,224,33166,267,2,25,93696,5632,0,97268,4096,98304,4194304,4096,512,4,0,0,0,4,0,126976,1024,0,2,0,1048576,16384,1048576,4096,0,16,1
23117,144,3,0,4,0,65535,0,184,0,0,0,64,0,,0,0,,248,332,5,2009,0,0,224,271,267,2,4,30720,91648,0,21043,4096,36864,4194304,4096,512,4,0,0,0,4,0,139264,1536,0,2,0,3145728,12288,23068672,36864,0,16,1
23117,80,2,0,4,15,65535,0,184,0,0,0,64,26,,0,0,,256,332,8,1992,0,0,224,33166,267,2,25,52736,22528,0,56156,4096,57344,4194304,4096,512,4,0,0,0,4,0,98304,1024,0,2,0,1048576,16384,1048576,4096,0,16,1
23117,144,3,0,4,0,65535,0,184,0,0,0,64,0,,0,0,,248,332,3,2012,0,0,224,291,267,10,0,282624,32768,471040,755712,475136,757760,4194304,4096,512,5,0,0,0,5,0,790528,4096,0,2,32768,4194304,4096,4194304,4096,0,16,1
23117,144,3,0,4,0,65535,0,184,0,0,0,64,0,,0,0,,208,332,7,2010,0,0,224,271,267,9,0,12288,811008,0,4101,4096,16384,4194304,4096,512,4,0,0,0,4,0,827392,1024,429810,2,0,1048576,4096,1048576,4096,0,16,1
23117,144,3,0,4,0,65535,0,184,0,0,0,64,0,,0,0,,248,332,6,2010,0,0,224,271,267,6,1,24064,70656,0,4490,4096,90112,4194304,4096,512,4,0,0,0,4,0,110592,1536,0,2,0,1048576,4096,1048576,4096,0,16,1
23117,80,2,0,4,15,65535,0,184,0,0,0,64,26,,0,0,,256,332,8,1992,0,0,224,33166,267,2,25,168448,25088,0,171400,4096,176128,4194304,4096,512,4,0,0,0,4,0,221184,1024,0,2,0,1048576,16384,1048576,4096,0,16,1
23117,144,3,0,4,0,65535,0,184,0,0,0,64,0,,0,0,,224,332,5,2010,0,0,224,271,267,6,0,20480,150016,0,13348,4096,24576,4194304,4096,512,4,0,0,0,4,0,184320,1024,0,2,32768,1048576,4096,1048576,4096,0,16,1
23117,144,3,0,4,0,65535,0,184,0,0,0,64,0,,0,0,,240,332,3,2011,0,0,224,271,267,5,0,196608,4096,143360,337072,147456,344064,4194304,4096,512,9,1,6,2,4,0,348160,4096,0,2,0,1048576,4096,1048576,4096,0,16,1
23117,80,2,0,4,15,65535,0,184,0,0,0,64,26,,0,0,,256,332,3,2000,0,0,224,33167,267,5,82,299008,4096,3964928,4266352,3969024,4268032,4194304,4096,512,4,0,0,0,4,0,4272128,4096,0,2,0,1048576,65536,1048576,65536,0,16,1
23117,144,3,0,4,0,65535,0,184,0,0,0,64,0,,0,0,,224,332,9,2010,0,0,224,258,267,9,0,13312,123904,0,5565,4096,20480,4194304,4096,512,5,0,0,0,5,0,163840,1024,168920,2,0,1048576,4096,1048576,4096,0,16,1
23117,80,2,0,4,15,65535,0,184,0,0,0,64,26,,0,0,,256,332,3,1992,0,0,224,33167,267,2,25,176128,8192,311296,490640,315392,491520,4194304,4096,512,4,0,0,0,4,0,499712,4096,0,2,0,1048576,16384,1048576,4096,0,16,1
23117,144,3,0,4,0,65535,0,184,0,0,0,64,0,,0,0,,248,332,4,2010,0,0,224,271,267,4,14,29184,88064,0,17329,4096,36864,4194304,4096,512,4,0,0,0,4,0,131072,1536,0,2,0,29360128,40960,18874368,24576,0,16,1
23117,144,3,0,4,0,65535,0,184,0,0,0,64,0,,0,0,,128,332,5,2007,0,0,224,8462,267,8,0,414208,7735808,7454720,4340,4096,421888,268435456,4096,512,4,0,0,0,4,0,8167424,1024,0,2,0,1048576,4096,1048576,4096,0,16,1
23117,144,3,0,4,0,65535,0,184,0,0,0,64,0,,0,0,,248,332,5,2009,0,0,224,271,267,4,12,37376,84992,0,21015,4096,126976,4194304,4096,512,4,0,0,0,4,0,139264,1536,0,2,0,19922944,4096,3145728,36864,0,16,1
23117,144,3,0,4,0,65535,0,184,0,0,0,64,0,,0,0,,144,332,3,2006,0,0,224,271,267,5,4,16384,4096,73728,89856,77824,94208,4194304,4096,512,10,0,7,0,4,0,98304,4096,0,2,0,1048576,4096,1048576,4096,0,16,1
23117,144,3,0,4,0,65535,0,184,0,0,0,64,0,,0,0,,256,332,3,2009,0,0,224,271,267,2,2,32768,88576,0,16389,4096,36864,4194304,4096,512,4,0,0,0,4,0,126976,1536,0,2,0,2097152,20480,15728640,20480,0,16,1
23117,144,3,0,4,0,65535,0,184,0,0,0,64,0,,0,0,,176,332,3,2011,0,0,224,271,267,6,0,122880,12288,0,4724,4096,126976,4194304,4096,4096,4,0,1,0,4,0,139264,4096,170431,2,0,1048576,4096,1048576,4096,0,16,1
23117,144,3,0,4,0,65535,0,184,0,0,0,64,0,,0,0,,128,332,5,2010,0,0,224,270,267,1,9,20992,1377792,950272,4322,4096,28672,335544320,4096,512,4,0,0,0,4,0,1413120,1024,0,2,0,1048576,4096,1048576,4096,0,16,1
23117,144,3,0,4,0,65535,0,184,0,0,0,64,0,,0,0,,224,332,6,2011,0,0,224,258,267,18,18,0,6144,0,12895,4096,569344,4194304,4096,512,5,1,0,0,5,1,585728,1024,265015,2,0,1048576,4096,1048576,4096,0,16,1
23117,144,3,0,4,0,65535,0,184,0,0,0,64,0,,0,0,,248,332,3,2012,0,0,224,291,267,10,0,282624,32768,471040,755712,475136,757760,4194304,4096,512,5,0,0,0,5,0,790528,4096,0,2,32768,4194304,4096,4194304,4096,0,16,1
23117,144,3,0,4,0,65535,0,184,0,0,0,64,0,,0,0,,216,332,3,2011,0,0,224,259,267,8,0,58880,589312,0,19640,4096,65536,4194304,4096,512,5,0,0,0,5,0,655360,1024,684879,2,0,1048576,4096,1048576,4096,0,16,1
23117,144,3,0,4,0,65535,0,184,0,0,0,64,0,,0,0,,216,332,4,2011,0,0,224,258,267,6,0,73728,36864,0,51172,4096,77824,268435456,4096,4096,4,0,0,0,4,0,114688,1024,0,2,0,1048576,4096,1048576,4096,0,16,1
23117,144,3,0,4,0,65535,0,184,0,0,0,64,0,,0,0,,224,332,6,2010,0,0,224,258,267,9,0,6144,88576,0,7204,4096,12288,4194304,4096,512,5,0,0,0,5,0,114688,1024,107123,2,1088,1048576,4096,1048576,4096,0,16,1
23117,144,3,0,4,0,65535,0,184,0,0,0,64,0,,0,0,,192,332,4,2010,0,0,224,271,267,6,2,9728,16384,0,4216,4096,16384,4194304,4096,512,4,0,0,0,4,0,57344,1024,0,2,0,1048576,4096,1048576,4096,0,16,1
23117,144,3,0,4,0,65535,0,184,0,0,0,64,0,,0,0,,224,332,3,2011,0,0,224,271,267,6,0,20480,4096,40960,64256,45056,65536,4194304,4096,512,4,0,0,0,4,0,69632,4096,0,2,0,1048576,4096,1048576,4096,0,16,1
23117,80,2,0,4,15,65535,0,184,0,0,0,64,26,,0,0,,256,332,3,1992,0,0,224,33167,267,2,25,73728,32768,122880,197888,126976,200704,4194304,4096,512,4,0,0,0,4,0,233472,4096,0,2,0,1048576,16384,1048576,4096,0,16,1
23117,144,3,0,4,0,65535,0,184,0,0,0,64,0,,0,0,,200,332,3,2011,0,0,224,271,267,6,0,73728,12288,0,6384,4096,77824,4194304,4096,4096,4,0,3,1,4,0,90112,4096,135971,2,0,1048576,4096,1048576,4096,0,16,1
23117,144,3,0,4,0,65535,0,184,0,0,0,64,0,,0,0,,216,332,3,2010,0,0,224,271,267,6,0,12288,4096,434176,447744,438272,450560,4194304,4096,512,4,0,0,0,4,0,454656,4096,0,2,0,1048576,4096,1048576,4096,0,16,1
23117,144,3,0,4,0,65535,0,184,0,0,0,64,0,,0,0,,256,332,5,2009,0,0,224,271,267,4,3,28672,88064,0,17767,4096,32768,4194304,4096,512,4,0,0,0,4,0,131072,1536,0,2,0,7340032,20480,23068672,20480,0,16,1
23117,144,3,0,4,0,65535,0,184,0,0,0,64,0,,0,0,,216,332,3,2005,0,0,224,259,267,7,0,20480,4096,32768,53680,36864,57344,4194304,4096,512,5,0,0,0,5,0,61440,4096,0,2,33792,1048576,4096,1048576,4096,0,16,1
23117,144,3,0,4,0,65535,0,184,0,0,0,64,0,,0,0,,128,332,5,2009,0,0,224,271,267,7,10,4096,2977792,2506752,4356,4096,8192,4194304,4096,4096,4,0,0,0,4,0,2985984,4096,0,2,0,1048576,4096,1048576,4096,0,16,1
23117,144,3,0,4,0,65535,0,184,0,0,0,64,0,,0,0,,232,332,6,2010,0,0,224,258,267,9,0,7680,89088,0,7993,4096,12288,4194304,4096,512,5,0,0,0,5,0,114688,1024,148724,2,1088,1048576,4096,1048576,4096,0,16,1
23117,144,3,0,4,0,65535,0,184,0,0,0,64,0,,0,0,,216,332,5,2011,0,0,224,258,267,10,0,45056,181248,0,21840,4096,49152,4194304,4096,512,5,1,0,0,5,1,237568,1024,256321,2,33024,1048576,4096,1048576,4096,0,16,1
23117,144,3,0,4,0,65535,0,184,0,0,0,64,0,,0,0,,240,332,4,2010,0,0,224,259,267,10,0,32768,22528,0,19837,4096,36864,4194304,4096,512,5,1,0,0,5,1,73728,1024,93338,2,33024,1048576,4096,1048576,4096,0,16,1
23117,144,3,0,4,0,65535,0,184,0,0,0,64,0,,0,0,,248,332,4,2009,0,0,224,271,267,2,6,30208,79360,0,23543,4096,114688,4194304,4096,512,4,0,0,0,4,0,122880,1536,0,2,0,22020096,40960,23068672,28672,0,16,1
23117,144,3,0,4,0,65535,0,184,0,0,0,64,0,,0,0,,240,332,4,2011,0,0,224,271,267,6,0,45056,28672,0,43962,4096,49152,4194304,4096,4096,4,0,0,0,4,0,77824,4096,126696,2,0,1048576,4096,1048576,4096,0,16,1
23117,144,3,0,4,0,65535,0,184,0,0,0,64,0,,0,0,,256,332,4,1997,0,0,224,258,267,7,10,50176,116224,0,21207,4096,57344,268435456,4096,512,5,0,5,0,5,0,180224,1024,180994,2,1024,1048576,4096,1048576,4096,0,16,1
23117,144,3,0,4,0,65535,0,184,0,0,0,64,0,,0,0,,248,332,3,2009,0,0,224,271,267,4,11,30208,85504,0,16313,4096,36864,4194304,4096,512,4,0,0,0,4,0,126976,1536,0,2,0,30408704,20480,4194304,4096,0,16,1
23117,144,3,0,4,0,65535,0,184,0,0,0,64,0,,0,0,,248,332,5,2009,0,0,224,271,267,3,6,28672,83968,0,17504,4096,32768,4194304,4096,512,4,0,0,0,4,0,122880,1536,0,2,0,23068672,40960,9437184,28672,0,16,1
23117,80,2,0,4,15,65535,0,184,0,0,0,64,26,,0,0,,216,332,6,2009,0,0,224,271,267,9,23,165376,51200,0,7500,4096,184320,4194304,4096,512,4,0,0,0,4,0,233472,1536,0,2,0,1048576,4096,1048576,4096,0,16,1
23117,144,3,0,4,0,65535,0,184,0,0,0,64,0,,0,0,,256,332,6,2009,0,0,224,271,267,7,7,143360,21504,0,8372,4096,147456,4194304,4096,512,4,0,0,0,4,0,180224,1024,0,2,0,1048576,16384,1048576,4096,0,16,1
23117,144,3,0,4,0,65535,0,184,0,0,0,64,0,,0,0,,248,332,5,2009,0,0,224,271,267,3,6,28672,83968,0,17504,4096,32768,4194304,4096,512,4,0,0,0,4,0,122880,1536,0,2,0,23068672,40960,9437184,28672,0,16,1
23117,144,3,0,4,0,65535,0,184,0,0,0,64,0,,0,0,,192,332,23,2011,0,0,224,271,267,9,0,8192,398848,0,7728,4096,12288,6291456,4096,512,5,0,1,3,5,0,479232,1536,446332,2,32768,1048576,4096,1048576,4096,0,16,1
23117,144,3,0,4,0,65535,0,184,0,0,0,64,0,,0,0,,240,332,4,2007,0,0,224,271,267,8,0,73728,65536,0,12802,4096,77824,4194304,4096,512,4,0,0,0,4,0,143360,1024,0,2,0,1048576,4096,1048576,4096,0,16,1
23117,144,3,0,4,0,65535,0,184,0,0,0,64,0,,0,0,,240,332,9,2011,0,0,224,258,267,10,0,816128,12288,1117696,4704,4096,823296,4194304,4096,512,5,1,0,0,5,1,1970176,1024,0,2,33024,1048576,4096,1048576,4096,0,16,1
23117,144,3,0,4,0,65535,0,184,0,0,0,64,0,¤ñ]¼ ñ]¼,40179,39809,‘Ÿ—•—š’Óm,216,332,5,2005,0,0,224,258,267,7,10,28672,61440,0,4096,4096,45056,4194304,4096,512,4,0,4,0,4,0,94208,1024,0,2,0,1048576,4096,1048576,4096,0,16,1
23117,144,3,0,4,0,65535,0,184,0,0,0,64,0,,0,0,,200,332,20,2011,0,0,224,271,267,9,0,8192,427008,0,8000,4096,12288,6291456,4096,1024,5,0,0,0,5,0,483328,2048,480008,2,32768,1048576,4096,1048576,4096,0,16,1
23117,80,2,0,4,15,65535,0,184,0,0,0,64,26,,0,0,,124,332,4,2010,0,0,224,271,267,8,0,4096,9216,0,4096,4096,8192,4194304,4096,512,4,0,0,0,4,0,2109440,4096,0,2,0,1048576,4096,1048576,4096,0,16,1
23117,80,2,0,4,15,65535,0,184,0,0,0,64,26,,0,0,,256,332,3,2011,0,0,224,33167,267,2,25,532480,106496,1290240,1822640,1294336,1826816,4194304,4096,512,5,0,0,0,5,0,1933312,4096,0,2,0,1048576,16384,1048576,4096,0,16,1
23117,144,3,0,4,0,65535,0,184,0,0,0,64,0,,0,0,,200,332,5,2012,0,0,224,271,267,7,0,4096,402353,0,4990,4096,8192,16777216,4096,512,4,0,0,0,4,0,823296,4096,0,2,0,1048576,16384,1048576,4096,0,16,1
23117,144,3,0,4,0,65535,0,184,0,0,0,64,0,,0,0,,200,332,6,2012,0,0,224,271,267,7,0,4096,320378,462848,4800,4096,8192,4259840,4096,4096,4,0,0,0,4,0,811008,4096,413241,2,0,1048576,4096,1048576,4096,0,16,1
23117,144,3,0,4,0,65535,0,184,0,0,0,64,0,,0,0,,240,332,5,2012,0,0,224,259,267,8,0,4096,90112,0,5438,4096,8192,4194304,4096,4096,4,0,0,0,4,0,102400,4096,146139,2,0,1048576,4096,1048576,4096,0,16,1
23117,144,3,0,4,0,65535,0,184,0,0,0,64,0,,0,0,,240,332,6,2009,0,0,224,271,267,7,14,32256,65024,0,9024,4096,49152,4194304,4096,512,4,0,0,0,4,0,114688,1536,0,2,0,1048576,4096,1048576,4096,0,16,1
23117,80,2,0,4,15,65535,0,184,0,0,0,64,26,,0,0,,256,332,6,1992,0,0,224,41358,267,6,0,108032,16384,0,111396,4096,114688,4194304,4096,512,4,0,0,0,4,0,143360,1024,0,2,0,1048576,16384,1048576,4096,0,16,1
23117,144,3,0,4,0,65535,0,184,0,0,0,64,0,,0,0,,232,332,5,2010,0,0,224,258,267,9,0,8704,85504,0,8196,4096,16384,4194304,4096,512,5,0,0,0,5,0,110592,1024,124446,2,1088,1048576,4096,1048576,4096,0,16,1
23117,144,3,0,4,0,65535,0,184,0,0,0,64,0,,0,0,,248,332,4,2004,0,0,224,271,267,10,2,147456,4096,200704,350400,204800,352256,4194304,4096,512,6,4,6,1,4,0,360448,4096,0,2,0,1048576,4096,1048576,4096,0,16,0
23117,144,3,0,4,0,65535,0,184,0,0,0,64,0,,0,0,,232,332,4,2012,0,0,224,258,267,10,0,36352,95744,0,17504,4096,40960,4194304,4096,512,5,1,0,0,5,1,143360,1024,81455,2,33088,1048576,4096,1048576,4096,0,16,0
23117,144,3,0,4,0,65535,0,184,0,0,0,64,0,,0,0,,256,332,3,2011,0,0,224,271,267,7,0,180224,8192,61440,242944,65536,245760,4194304,4096,512,10,2,5,3,4,0,253952,4096,0,2,0,1048576,4096,1048576,4096,0,16,0
23117,80,2,0,4,15,65535,0,184,0,0,0,64,26,,0,0,,512,332,6,2002,0,0,224,270,267,2,4,512,24576,0,4155,4096,8192,4194304,4096,512,4,0,0,0,4,0,102400,1536,132539,2,0,1048576,4096,1048576,4096,0,16,0
23117,144,3,0,4,0,65535,0,184,0,0,0,64,0,,0,0,,208,332,12,2011,0,0,224,258,267,13,0,22016,0,0,5743,4096,28672,4194304,4096,512,5,1,0,0,5,1,172032,1024,104364,2,0,1048576,4096,1048576,4096,0,16,0
23117,144,3,0,4,0,65535,0,184,0,0,0,64,0,,0,0,,208,332,4,2011,0,0,224,270,267,6,0,0,38400,0,4426,4096,4096,4194304,4096,512,4,0,0,0,4,0,57344,1024,78906,2,0,1048576,4096,1048576,4096,0,16,0
23117,17739,20050,19525,12851,17454,19532,0,17744,0,332,3,45246,16401,,328,271,LoadLibraryA,16,332,3,2004,4283477248,2095789174,328,271,267,76,111,1766614113,1918988898,16761,4120,16,24576,4194304,4096,512,4,0,0,57,4,0,81920,512,0,2,0,1048576,4096,1048576,4096,0,10,0
23117,80,2,0,4,15,65535,0,184,0,0,0,64,26,,0,0,,256,332,8,1992,0,0,224,33166,267,2,25,12288,76800,0,15964,4096,16384,4194304,4096,512,4,0,0,0,4,0,114688,1024,0,2,0,1048576,16384,1048576,4096,0,16,0
23117,144,3,0,4,0,65535,0,184,0,0,0,64,0,,0,0,,232,332,6,2011,0,0,224,258,267,10,0,15872,13824,0,5222,4096,20480,4194304,4096,512,5,1,0,0,5,1,49152,1024,85926,2,33856,1048576,4096,1048576,4096,0,16,0
23117,144,3,0,4,0,65535,0,184,0,0,0,64,0,,0,0,,224,332,3,2011,0,0,224,271,267,7,5,192512,12288,77824,273968,81920,274432,4194304,4096,512,9,0,7,4,4,0,286720,4096,0,2,0,1048576,4096,1048576,4096,0,16,0
23117,144,3,0,4,0,65535,0,184,0,0,0,64,0,,0,0,,256,332,3,2011,0,0,224,271,267,8,12,245760,4096,94208,341792,98304,344064,4194304,4096,512,4,0,4,0,4,0,348160,4096,71,2,32768,1048576,4096,1048576,4096,0,16,0
23117,144,3,0,4,0,65535,0,184,0,0,0,64,0,,0,0,,128,332,16,2012,0,0,224,270,267,2,50,275968,17408,0,4400,4096,282624,4194304,4096,512,4,0,0,0,4,0,339968,1024,321988,2,0,1048576,4096,1048576,4096,0,16,0
23117,144,3,0,4,0,65535,0,184,0,0,0,64,0,,0,0,,256,332,3,2011,0,0,224,271,267,8,12,200704,4096,86016,287296,90112,290816,4194304,4096,512,4,0,4,0,4,0,294912,4096,71,2,32768,1048576,4096,1048576,4096,0,16,0
23117,144,3,0,4,0,65535,0,184,0,0,0,64,0,,0,0,,224,332,7,2011,0,0,224,259,267,9,0,18944,6144,0,4752,4096,28672,4194304,4096,512,5,0,0,0,5,0,49152,1024,0,2,32768,1048576,4096,1048576,4096,0,16,0
23117,144,3,0,4,0,65535,0,184,0,0,0,64,0,,0,0,,184,332,3,2010,0,0,224,271,267,6,0,77824,126976,0,6100,4096,81920,4194304,4096,4096,4,0,13,812,4,0,208896,4096,240661,2,0,1048576,4096,1048576,4096,0,16,0
23117,144,3,0,4,0,65535,0,184,0,0,0,64,0,,0,0,,224,332,3,2011,0,0,224,271,267,5,5,180224,4096,45056,227552,49152,229376,4194304,4096,512,7,1,7,2,4,0,233472,4096,50,2,0,1048576,4096,1048576,4096,0,16,0
23117,144,3,0,4,0,65535,0,184,0,0,0,64,0,,0,0,,240,332,5,2011,0,0,224,258,267,9,0,60416,166400,0,17921,4096,65536,4194304,4096,512,5,0,0,0,5,0,245760,1024,0,2,32768,1048576,4096,1048576,4096,0,16,0
23117,144,3,0,4,0,65535,0,184,0,0,0,64,0,,0,0,,240,332,4,2011,0,0,224,271,267,6,0,94208,139264,0,79907,4096,98304,4194304,4096,4096,4,0,0,0,4,0,237568,4096,274220,2,0,1048576,4096,1048576,4096,0,16,0
23117,144,3,0,4,0,65535,0,184,0,0,0,64,0,,0,0,,216,332,5,2011,0,0,224,258,267,12,0,75264,57856,0,6322,4096,36864,4194304,4096,512,5,1,0,0,5,1,204800,1024,151149,2,0,1048576,4096,1048576,4096,0,16,0
23117,144,3,0,4,0,65535,0,184,0,0,0,64,0,,0,0,,208,332,5,2011,0,0,224,258,267,10,0,81920,65024,0,4135,4096,40960,4194304,4096,512,5,1,1,0,5,1,233472,1024,151636,2,0,1048576,4096,1048576,4096,0,16,0
23117,144,3,0,4,0,65535,0,184,0,0,0,64,0,,0,0,,216,332,5,2012,0,0,224,259,267,10,0,26112,16896,0,12980,4096,32768,4194304,4096,512,5,1,0,0,5,1,593920,2048,0,2,32768,1048576,4096,1048576,4096,0,16,0
23117,144,3,0,4,0,65535,0,184,0,0,0,64,0,,0,0,,216,332,7,2011,0,0,224,258,267,12,0,0,47616,0,12914,4096,24576,4194304,4096,512,5,1,0,0,5,1,172032,1024,147425,2,0,1048576,4096,1048576,4096,0,16,0
23117,144,3,0,4,0,65535,0,184,0,0,0,64,0,,0,0,,224,332,4,2012,0,0,224,271,267,6,0,8192,36864,0,7888,4096,12288,4194304,4096,4096,4,0,0,0,4,0,49152,4096,0,2,0,1048576,4096,1048576,4096,0,16,0
23117,144,3,0,4,0,65535,0,184,0,0,0,64,0,,0,0,,208,332,3,2011,0,0,224,271,267,7,5,184320,8192,53248,238656,57344,241664,4194304,4096,512,9,1,9,4,4,0,249856,4096,0,2,0,1048576,4096,1048576,4096,0,16,0
23117,144,3,0,4,0,65535,0,184,0,0,0,64,0,,0,0,,128,332,9,2012,0,0,224,270,267,2,50,266240,17408,0,4416,4096,274432,4194304,4096,512,4,0,0,0,4,0,307200,1024,334810,2,0,1048576,4096,1048576,4096,0,16,0
23117,144,3,0,4,0,65535,0,184,0,0,0,64,0,,0,0,,240,332,3,2011,0,0,224,271,267,8,12,237568,4096,86016,325056,90112,327680,4194304,4096,512,4,0,4,0,4,0,331776,4096,71,2,32768,1048576,4096,1048576,4096,0,16,0
23117,144,3,0,4,0,65535,0,184,0,0,0,64,0,,0,0,,256,332,3,2011,0,0,224,271,267,8,5,258048,4096,28672,288816,32768,290816,4194304,4096,512,5,3,9,1,4,0,294912,4096,134,2,0,1048576,4096,1048576,4096,0,16,0
23117,80,2,0,4,15,65535,0,184,0,0,0,64,26,,0,0,,256,332,8,1992,0,0,224,33166,267,2,25,55808,9728,0,57768,4096,61440,4194304,4096,512,4,0,0,0,4,0,94208,1024,0,2,0,1048576,16384,1048576,4096,0,16,0
23117,80,2,0,4,15,65535,0,184,0,0,0,64,26,,0,0,,256,332,3,1997,0,0,224,33167,267,8,59,184320,12288,35909632,36093728,35913728,36098048,4194304,4096,512,4,0,0,0,4,0,36110336,4096,0,2,0,1048576,65536,1048576,65536,0,16,0
23117,144,3,0,4,0,65535,0,184,0,0,0,64,0,,0,0,,256,332,3,2011,0,0,224,271,267,6,0,241664,4096,196608,436112,200704,442368,4194304,4096,512,6,3,8,2,4,0,446464,4096,0,2,0,1048576,4096,1048576,4096,0,16,0
23117,144,3,0,4,0,65535,0,184,0,0,0,64,0,,0,0,,208,332,7,2011,0,0,224,258,267,12,0,0,26112,0,4139,4096,20480,4194304,4096,512,5,1,0,0,5,1,90112,1024,67749,2,0,1048576,4096,1048576,4096,0,16,0
23117,144,3,0,4,0,65535,0,184,0,0,0,64,0,,0,0,,208,332,3,2013,0,0,224,271,267,6,0,131072,24576,0,124131,4096,135168,4194304,4096,4096,4,0,0,0,4,0,159744,4096,0,2,0,1048576,4096,1048576,4096,0,16,0
23117,144,3,0,4,0,65535,0,184,0,0,0,64,0,,0,0,,128,332,5,2004,0,0,224,271,267,5,11,12288,51712,0,5792,4096,16384,4194304,4096,512,0,0,0,0,4,0,77824,1024,51814,2,0,1048576,4096,1048576,4096,0,16,0
23117,144,3,0,4,0,65535,0,184,0,0,0,64,0,,0,0,,192,332,3,2011,0,0,224,271,267,8,12,200704,4096,49152,249968,53248,253952,4194304,4096,512,4,0,4,0,4,0,258048,4096,37,2,32768,1048576,4096,1048576,4096,0,16,0
23117,144,3,0,4,0,65535,0,184,0,0,0,64,0,,0,0,,128,332,12,2012,0,0,224,270,267,2,50,271872,17408,0,4576,4096,282624,4194304,4096,512,4,0,0,0,4,0,323584,1024,328950,2,0,1048576,4096,1048576,4096,0,16,0
23117,144,3,0,4,0,65535,0,184,0,0,0,64,0,,0,0,,208,332,13,2011,0,0,224,258,267,9,0,38400,12288,0,8064,4096,45056,4194304,4096,512,5,0,0,0,5,0,94208,1024,79557,2,32768,1048576,4096,1048576,4096,0,16,0
23117,144,3,0,4,0,65535,0,184,0,0,0,64,0,,0,0,,216,332,2,2011,0,0,224,8450,267,10,0,23552,115200,0,4359,4096,28672,4194304,4096,512,5,1,0,0,5,1,319488,1024,170660,2,0,1048576,4096,1048576,4096,0,16,0
23117,144,3,0,4,0,65535,0,184,0,0,0,64,0,,0,0,,128,332,3,2010,0,0,224,271,267,7,10,24064,2048,0,24640,4096,28672,4194304,4096,512,4,0,0,0,4,0,65536,512,99890,2,0,1048576,4096,1048576,4096,0,16,0
23117,144,3,0,4,0,65535,0,184,0,0,0,64,0,,0,0,,128,332,7,2012,0,0,224,270,267,2,50,284672,10752,0,4240,4096,294912,4194304,4096,512,4,0,0,0,4,0,315392,1024,299251,2,0,1048576,4096,1048576,4096,0,16,0
23117,80,2,0,4,15,65535,0,184,0,0,0,64,26,,0,0,,256,332,8,1992,0,0,224,33166,267,2,25,45568,236544,0,48076,4096,53248,4194304,4096,512,4,0,0,0,4,0,311296,1024,0,2,0,1048576,16384,1048576,4096,0,16,0
23117,0,0,0,0,0,0,0,0,0,0,0,0,0,,0,0,,200,332,3,2011,0,0,224,258,267,10,0,89600,11776,0,22349,4096,94208,4194304,4096,512,5,1,1,0,5,1,106496,1024,0,2,33024,1048576,4096,1048576,4096,0,16,0
23117,144,3,0,4,0,65535,0,184,0,0,0,64,0,,0,0,,216,332,4,2008,0,0,224,259,267,9,0,110592,36864,0,16942,4096,114688,4194304,4096,4096,5,0,0,0,5,0,159744,4096,0,2,33024,1048576,4096,1048576,4096,0,16,0
23117,80,2,0,4,15,65535,0,184,0,0,0,64,26,,0,0,,256,332,3,2012,0,0,224,33167,267,2,25,208896,4096,143360,354880,147456,356352,4194304,4096,512,4,0,0,0,4,0,360448,4096,0,2,0,1048576,16384,1048576,4096,0,16,0
23117,144,3,0,4,0,65535,0,184,0,0,0,64,0,,0,0,,176,332,3,2011,0,0,224,271,267,6,0,258048,4096,36864,297488,40960,299008,4194304,4096,512,8,1,8,2,4,0,303104,4096,134,2,0,1048576,4096,1048576,4096,0,16,0
23117,144,3,0,4,0,65535,0,184,0,0,0,64,0,,0,0,,216,332,3,2011,0,0,224,271,267,6,2,200704,4096,61440,262800,65536,266240,4194304,4096,512,7,3,6,0,4,0,270336,4096,0,2,0,1048576,4096,1048576,4096,0,16,0
23117,144,3,0,4,0,65535,0,184,0,0,0,64,0,,0,0,,128,332,5,2012,0,0,224,270,267,2,50,262656,3584,0,4624,4096,270336,4194304,4096,512,4,0,0,0,4,0,282624,1024,301665,2,0,1048576,4096,1048576,4096,0,16,0
23117,144,3,0,4,0,65535,0,184,0,0,0,64,0,,0,0,,128,332,4,2012,0,0,224,271,267,7,10,141824,244736,0,134038,4096,147456,4194304,4096,512,4,0,0,0,4,0,401408,1024,158698,2,0,1048576,4096,1048576,4096,0,16,0
23117,144,3,0,4,0,65535,0,184,0,0,0,64,0,,0,0,,128,332,4,2011,0,0,224,271,267,7,10,28672,45056,0,19808,4096,32768,4194304,4096,4096,4,0,0,0,4,0,77824,4096,88198,2,0,1048576,4096,1048576,4096,0,16,0
23117,144,3,0,4,0,65535,0,184,0,0,0,64,0,,0,0,,216,332,6,2011,0,0,224,258,267,10,0,73728,56832,0,4140,4096,36864,4194304,4096,512,5,1,0,0,5,1,204800,1024,158403,2,0,1048576,4096,1048576,4096,0,16,0
23117,144,3,0,4,0,65535,0,184,0,0,0,64,0,,0,0,,256,332,3,2013,0,0,224,271,267,7,10,8192,290816,0,7530,4096,12288,4194304,4096,4096,4,0,0,0,4,0,303104,4096,0,2,0,1048576,4096,1048576,4096,0,16,0
23117,144,3,0,4,0,65535,0,184,0,0,0,64,0,,0,0,,232,332,4,2012,0,0,224,259,267,10,0,30720,234496,0,4871,4096,36864,4194304,4096,512,5,1,0,0,5,1,282624,1024,290260,2,32768,1048576,4096,1048576,4096,0,16,0
23117,144,3,0,4,0,65535,0,184,0,0,0,64,0,,0,0,,128,332,9,2012,0,0,224,270,267,2,50,266240,17408,0,4416,4096,274432,4194304,4096,512,4,0,0,0,4,0,307200,1024,323543,2,0,1048576,4096,1048576,4096,0,16,0
23117,144,3,0,4,0,65535,0,184,0,0,0,64,0,,0,0,,224,332,3,2011,0,0,224,271,267,5,0,225280,4096,110592,337328,114688,339968,4194304,4096,512,5,1,9,3,4,0,344064,4096,0,2,0,1048576,4096,1048576,4096,0,16,0
23117,144,3,0,4,0,65535,0,184,0,0,0,64,0,,0,0,,224,332,5,2011,0,0,224,258,267,11,0,66560,71168,0,16762,4096,73728,4194304,4096,512,5,1,0,0,5,1,208896,1024,194312,2,0,1048576,4096,1048576,4096,0,16,0
23117,80,2,0,4,15,65535,0,184,0,0,0,64,26,,0,0,,64,332,7,2003,0,0,224,270,267,2,4,10240,16896,0,6384,4096,16384,4194304,4096,512,4,0,0,0,4,0,49152,1024,93065,2,0,1048576,4096,1048576,4096,0,16,0
23117,0,0,0,0,0,0,0,0,0,0,0,0,0,,0,0,,224,332,3,2012,0,0,224,258,267,10,0,212992,20480,0,176213,4096,217088,4194304,4096,512,5,1,1,0,5,1,241664,1024,0,2,33024,1048576,4096,1048576,4096,0,16,0
23117,144,3,0,4,0,65535,0,184,0,0,0,64,0,,0,0,,128,332,4,1995,0,0,224,259,267,12,8,58880,72192,0,4440,4096,65536,4194304,4096,512,4,0,0,0,4,0,159744,1024,176879,2,0,1048576,4096,1048576,4096,0,16,0
23117,144,3,0,4,0,65535,0,184,0,0,0,64,0,,0,0,,128,332,6,2012,0,0,224,783,267,6,1,27648,44032,512,4672,4096,32768,4194304,4096,512,8,3,4,5,4,0,172032,1024,74245,2,0,2097152,4096,1048576,4096,0,16,0
23117,80,2,0,4,15,65535,0,184,0,0,0,64,26,,0,0,,256,332,3,1992,0,0,224,33167,267,2,25,49152,4096,61440,111072,65536,114688,4194304,4096,512,4,0,0,0,4,0,118784,4096,0,2,0,1048576,16384,1048576,4096,0,16,0
23117,144,3,0,4,0,65535,0,184,0,0,0,64,0,,0,0,,128,332,4,2003,0,0,224,270,267,6,6,15360,17920,0,9874,4096,20480,4194304,4096,512,2,0,0,0,4,0,45056,1024,74340,2,0,1048576,4096,1048576,4096,0,16,0
23117,144,3,0,4,0,65535,0,184,0,0,0,64,0,,0,0,,208,332,4,2011,0,0,224,270,267,6,0,0,38400,0,4426,4096,4096,4194304,4096,512,4,0,0,0,4,0,57344,1024,78906,2,0,1048576,4096,1048576,4096,0,16,0
23117,144,3,0,4,0,65535,0,184,0,0,0,64,0,,0,0,,256,332,3,2011,0,0,224,271,267,9,0,204800,12288,77824,282304,81920,286720,4194304,4096,512,9,2,10,1,4,0,299008,4096,0,2,0,1048576,4096,1048576,4096,0,16,0
23117,144,3,0,4,0,65535,0,184,0,0,0,64,0,,0,0,,224,332,6,2011,0,0,224,258,267,12,0,0,5120,0,12919,4096,24576,4194304,4096,512,5,1,0,0,5,1,139264,1024,107529,2,0,1048576,4096,1048576,4096,0,16,0
23117,144,3,0,4,0,65535,0,184,0,0,0,64,0,,0,0,,208,332,5,2012,0,0,224,258,267,10,0,125440,30208,0,123448,4096,131072,4194304,4096,512,5,1,0,0,5,1,172032,1024,0,2,0,1048576,4096,1048576,4096,0,16,0
23117,144,3,0,4,0,65535,0,184,0,0,0,64,0,,0,0,,240,332,3,2011,0,0,224,271,267,8,12,192512,4096,45056,237232,49152,241664,4194304,4096,512,4,0,4,0,4,0,245760,4096,15,2,32768,1048576,4096,1048576,4096,0,16,0
23117,144,3,0,4,0,65535,0,184,0,0,0,64,0,,0,0,,232,332,4,2011,0,0,224,259,267,10,0,44544,189440,0,6838,4096,49152,4194304,4096,512,5,1,0,0,5,1,249856,1024,295192,2,32768,1048576,4096,1048576,4096,0,16,0
23117,144,3,0,4,0,65535,0,184,0,0,0,64,0,,0,0,,224,332,8,2011,0,0,224,258,267,9,0,37376,35840,0,6928,4096,45056,4194304,4096,512,5,0,0,0,5,0,90112,1024,75068,2,32768,1048576,4096,1048576,4096,0,16,0
23117,80,2,0,4,15,65535,0,184,0,0,0,64,26,,0,0,,256,332,8,1992,0,0,224,33166,267,2,25,14336,16384,0,17220,4096,20480,4194304,4096,512,4,0,0,0,4,0,532480,1024,82093,2,0,4194304,16384,1048576,4096,0,16,0
23117,144,3,0,4,0,65535,0,184,0,0,0,64,0,,0,0,,216,332,6,2012,0,0,224,259,267,10,0,24576,12288,0,11511,4096,28672,4194304,4096,512,5,1,0,0,5,1,69632,2048,80407,2,32768,1048576,4096,1048576,4096,0,16,0
23117,144,3,0,4,0,65535,0,184,0,0,0,64,0,,0,0,,240,332,3,2011,0,0,224,271,267,7,0,172032,4096,90112,262720,94208,266240,4194304,4096,512,8,0,10,1,4,0,270336,4096,0,2,0,1048576,4096,1048576,4096,0,16,0
23117,144,3,0,4,0,65535,0,184,0,0,0,64,0,,0,0,,264,332,3,2011,0,0,224,271,267,7,4,192512,12288,69632,263792,73728,266240,4194304,4096,512,9,0,5,1,4,0,278528,4096,0,2,0,1048576,4096,1048576,4096,0,16,0
23117,144,3,0,4,0,65535,0,184,0,0,0,64,0,,0,0,,232,332,4,1970,0,0,224,271,267,6,0,3072,0,0,4112,4096,0,4194304,4096,512,1,0,0,0,4,0,114688,1024,0,2,0,1048576,4096,1048576,4096,0,16,0
23117,144,3,0,4,0,65535,0,184,0,0,0,64,0,,0,0,,224,332,3,2012,0,0,224,271,267,6,0,14336,11264,0,18024,4096,20480,4194304,4096,512,4,0,0,0,4,0,32768,1024,41489,2,0,1048576,4096,1048576,4096,0,16,0
23117,144,3,0,4,0,65535,0,184,0,0,0,64,0,,0,0,,192,332,3,2007,0,0,224,271,267,9,3,159744,4096,139264,301744,143360,303104,4194304,4096,512,10,0,10,2,4,0,307200,4096,0,2,0,1048576,4096,1048576,4096,0,16,0
23117,144,3,0,4,0,65535,0,184,0,0,0,64,0,,0,0,,128,332,6,2012,0,0,224,270,267,2,50,270336,10752,0,4976,4096,282624,4194304,4096,512,4,0,0,0,4,0,303104,1024,318265,2,0,1048576,4096,1048576,4096,0,16,0
23117,144,3,0,4,0,65535,0,184,0,0,0,64,0,,0,0,,216,332,4,1998,0,0,224,271,267,8,14,7168,57344,2560,4358,4096,12288,4194304,4096,512,4,0,5,1,4,0,69632,1024,81629,2,32768,2097152,12288,4194304,24576,0,16,0
23117,144,3,0,4,0,65535,0,184,0,0,0,64,0,,0,0,,184,332,3,2011,0,0,224,271,267,6,0,110592,12288,0,4720,4096,114688,4194304,4096,4096,4,0,1,0,4,0,126976,4096,119433,2,0,1048576,4096,1048576,4096,0,16,0
23117,144,3,0,4,0,65535,0,184,0,0,0,64,0,,0,0,,240,332,4,2011,0,0,224,259,267,8,0,73728,106496,0,4790,4096,77824,4194304,4096,4096,4,0,0,0,4,0,192512,4096,120490,2,0,1048576,4096,1048576,4096,0,16,0
23117,80,2,0,4,15,65535,0,184,0,0,0,64,26,,0,0,,256,332,4,2003,0,0,224,271,267,1,15,16384,45056,24576,70288,69632,90112,4194304,4096,512,0,6,18106,12087,4,0,118784,69632,0,2,0,1048576,4096,1048576,4096,4644397,16,0
23117,144,3,0,4,0,65535,0,184,0,0,0,64,0,,0,0,,232,332,5,2011,0,0,224,258,267,9,0,34816,99328,0,14033,4096,40960,4194304,4096,512,5,0,0,0,5,0,147456,1024,0,2,32768,1048576,4096,1048576,4096,0,16,0
23117,80,2,0,4,15,65535,0,184,0,0,0,64,26,,0,0,,512,332,8,2012,0,0,224,782,267,5,0,36864,55808,0,4272,4096,40960,4194304,4096,512,4,0,0,0,4,0,118784,1536,0,2,0,1048576,8192,1048576,4096,0,16,0
23117,144,3,0,4,0,65535,0,184,0,0,0,64,0,,0,0,,256,332,4,2011,0,0,224,271,267,5,0,2048,8704,0,4160,4096,8192,4194304,4096,512,4,0,0,0,4,0,733184,1024,359141,2,0,1048576,4096,1048576,4096,0,16,0
23117,144,3,0,4,0,65535,0,184,0,0,0,64,0,,0,0,,240,332,5,2011,0,0,224,258,267,9,0,140288,59904,0,49457,4096,147456,4194304,4096,512,5,0,0,0,5,0,217088,1024,0,2,32768,1048576,4096,1048576,4096,0,16,0
23117,144,3,0,4,0,65535,0,184,0,0,0,64,0,,0,0,,184,332,3,2011,0,0,224,271,267,6,0,151552,24576,0,14372,4096,155648,4194304,4096,4096,4,0,1,0,4,0,180224,4096,197896,2,0,1048576,4096,1048576,4096,0,16,0
23117,144,3,0,4,0,65535,0,184,0,0,0,64,0,,0,0,,184,332,3,2011,0,0,224,271,267,6,0,237568,12288,0,16236,4096,241664,4194304,4096,4096,4,0,1,0,4,0,253952,4096,292343,2,0,1048576,4096,1048576,4096,0,16,0
23117,144,3,0,4,0,65535,0,184,0,0,0,64,0,,0,0,,224,332,4,2011,0,0,224,271,267,5,0,2048,8704,0,4104,4096,8192,4194304,4096,512,4,0,0,0,4,0,1855488,1024,0,2,0,1048576,4096,1048576,4096,0,16,0
23117,144,3,0,4,0,65535,0,184,0,0,0,64,0,,0,0,,200,332,5,2011,0,0,224,271,267,5,0,3584,9216,0,5612,4096,8192,4194304,4096,512,4,0,0,0,4,0,729088,1024,354978,2,0,1048576,4096,1048576,4096,0,16,0
23117,144,3,0,4,0,65535,0,184,0,0,0,64,0,,0,0,,224,332,5,2011,0,0,224,258,267,8,0,40960,122880,0,17899,4096,45056,4194304,4096,4096,4,0,0,0,4,0,184320,4096,0,2,0,1048576,4096,1048576,4096,0,16,0
23117,144,3,0,4,0,65535,0,184,0,0,0,64,0,,0,0,,176,332,3,2011,0,0,224,271,267,6,0,77824,16384,0,4412,4096,81920,4194304,4096,4096,4,0,1,0,4,0,98304,4096,128785,2,0,1048576,4096,1048576,4096,0,16,0
23117,144,3,0,4,0,65535,0,184,0,0,0,64,0,,0,0,,232,332,10,2010,0,0,224,258,267,9,0,2560,87552,0,4288,4096,8192,4194304,4096,512,5,0,0,0,5,0,126976,1024,117634,2,33792,1048576,4096,1048576,4096,0,16,0
23117,80,2,0,4,15,65535,0,184,0,0,0,64,26,,0,0,,256,332,9,2010,0,0,224,33166,267,2,25,23552,46592,0,28852,4096,32768,4194304,4096,512,4,0,0,0,4,0,638976,1024,46299,2,0,1048576,16384,1048576,4096,0,16,0
23117,144,3,0,4,0,65535,0,184,0,0,0,64,0,,0,0,,232,332,10,2010,0,0,224,258,267,9,0,2560,87552,0,4288,4096,8192,4194304,4096,512,5,0,0,0,5,0,126976,1024,126772,2,33792,1048576,4096,1048576,4096,0,16,0
23117,144,3,0,4,0,65535,0,184,0,0,0,64,0,,0,0,,128,332,5,2009,0,0,224,259,267,7,10,512,102912,81920,4160,4096,8192,4194304,4096,512,5,0,0,0,5,0,114688,1024,0,2,33792,1048576,4096,1048576,4096,0,16,0
23117,144,3,0,4,0,65535,0,184,0,0,0,64,0,,0,0,,240,332,5,2010,0,0,224,258,267,9,0,4096,133120,0,4112,4096,8192,4194304,4096,512,5,0,0,0,5,0,151552,1024,201588,2,33792,1048576,4096,1048576,4096,0,16,0
23117,144,3,0,4,0,65535,0,184,0,0,0,64,0,,0,0,,192,332,5,2008,0,0,224,271,267,5,0,3584,7680,0,5584,4096,8192,4194304,4096,512,4,0,0,0,4,0,1474560,1024,0,2,0,1048576,4096,1048576,4096,0,16,0
23117,144,3,0,4,0,65535,0,184,0,0,0,64,0,,0,0,,184,332,3,2011,0,0,224,271,267,6,0,61440,12288,0,6392,4096,65536,4194304,4096,4096,4,0,92,64,4,0,167936,4096,126564,2,0,1048576,4096,1048576,4096,0,16,0
23117,0,0,0,0,0,0,0,0,0,0,0,0,0,,0,0,,192,332,5,2010,0,0,224,271,267,5,0,3584,9216,0,5600,4096,8192,4194304,4096,512,4,0,0,0,4,0,729088,1024,379192,2,0,1048576,4096,1048576,4096,0,16,0
23117,144,3,0,4,0,65535,0,184,0,0,0,64,0,,0,0,,256,332,4,2011,0,0,224,271,267,5,0,2048,8704,0,4352,4096,8192,4194304,4096,512,4,0,0,0,4,0,733184,1024,331226,2,0,1048576,4096,1048576,4096,0,16,0
23117,144,3,0,4,0,65535,0,184,0,0,0,64,0,,0,0,,224,332,4,2011,0,0,224,271,267,6,0,12288,24576,0,5232,4096,16384,4194304,4096,4096,4,0,0,0,4,0,40960,4096,0,2,0,1048576,4096,1048576,4096,0,16,0
23117,144,3,0,4,0,65535,0,184,0,0,0,64,0,,0,0,,232,332,10,2010,0,0,224,258,267,9,0,2560,87552,0,4288,4096,8192,4194304,4096,512,5,0,0,0,5,0,126976,1024,145257,2,33792,1048576,4096,1048576,4096,0,16,0
23117,144,3,0,4,0,65535,0,184,0,0,0,64,0,,0,0,,184,332,3,2011,0,0,224,271,267,6,0,77824,233472,0,8944,4096,81920,4194304,4096,4096,4,0,1,0,4,0,319488,4096,380851,2,0,1048576,4096,1048576,4096,0,16,0
23117,144,3,0,4,0,65535,0,184,0,0,0,64,0,,0,0,,232,332,4,2004,0,0,224,271,267,6,1,9216,45056,2048,4328,4096,16384,4194304,4096,512,4,0,5,1,4,0,69632,1024,110174,2,32768,1048576,24576,2097152,4096,0,16,0
23117,144,3,0,4,0,65535,0,184,0,0,0,64,0,,0,0,,248,332,11,2010,0,0,224,258,267,9,0,3072,88064,0,4320,4096,8192,4194304,4096,512,5,0,0,0,5,0,131072,1024,118388,2,33792,1048576,4096,1048576,4096,0,16,0
23117,144,3,0,4,0,65535,0,184,0,0,0,64,0,,0,0,,232,332,5,2011,0,0,224,258,267,9,0,103936,93696,0,18104,4096,110592,4194304,4096,512,5,0,0,0,5,0,217088,1024,0,2,32768,1048576,4096,1048576,4096,0,16,0
23117,144,3,0,4,0,65535,0,184,0,0,0,64,0,,0,0,,176,332,3,2011,0,0,224,271,267,6,0,196608,16384,0,4732,4096,200704,4194304,4096,4096,4,0,1,0,4,0,217088,4096,228066,2,0,1048576,4096,1048576,4096,0,16,0
23117,144,3,0,4,0,65535,0,184,0,0,0,64,0,,0,0,,184,332,3,2012,0,0,224,271,267,6,0,49152,4096,118784,169456,122880,172032,4194304,4096,512,4,0,1,0,4,0,176128,4096,0,2,0,1048576,4096,1048576,4096,0,16,0
23117,144,3,0,4,0,65535,0,184,0,0,0,64,0,,0,0,,216,332,4,2001,0,0,224,271,267,6,10,8192,401408,3584,4439,4096,12288,4194304,4096,512,4,0,5,1,4,0,413696,1024,85721,2,32768,1048576,8192,1048576,24576,0,16,0
23117,144,3,0,4,0,65535,0,184,0,0,0,64,0,,0,0,,184,332,3,2011,0,0,224,271,267,6,0,114688,4096,954368,1068512,958464,1073152,4194304,4096,512,4,0,7,4,4,0,1077248,4096,0,2,0,1048576,4096,1048576,4096,0,16,0
23117,144,3,0,4,0,65535,0,184,0,0,0,64,0,,0,0,,248,332,11,2010,0,0,224,258,267,9,0,3072,88064,0,4320,4096,8192,4194304,4096,512,5,0,0,0,5,0,131072,1024,103522,2,33792,1048576,4096,1048576,4096,0,16,0
23117,144,3,0,4,0,65535,0,184,0,0,0,64,0,,0,0,,232,332,10,2010,0,0,224,258,267,9,0,2560,87552,0,4288,4096,8192,4194304,4096,512,5,0,0,0,5,0,126976,1024,106149,2,33792,1048576,4096,1048576,4096,0,16,0
23117,144,3,0,4,0,65535,0,184,0,0,0,64,0,,0,0,,248,332,4,2008,0,0,224,271,267,7,10,24576,565248,0,10005,4096,28672,4194304,4096,4096,4,0,0,0,4,0,593920,4096,0,2,0,1048576,4096,1048576,4096,0,16,0
23117,144,3,0,4,0,65535,0,184,0,0,0,64,0,,0,0,,184,332,3,2011,0,0,224,271,267,6,0,73728,155648,0,8100,4096,77824,4194304,4096,4096,4,0,1,1,4,0,237568,4096,264028,2,0,1048576,4096,1048576,4096,0,16,0
23117,144,3,0,4,0,65535,0,184,0,0,0,64,0,,0,0,,232,332,5,2011,0,0,224,258,267,8,0,36864,122880,0,5983,4096,40960,4194304,4096,4096,4,0,0,0,4,0,172032,4096,0,2,0,1048576,4096,1048576,4096,0,16,0
23117,80,2,0,4,15,65535,0,184,0,0,0,64,26,,0,0,,256,332,8,1992,0,0,224,33166,267,2,25,12288,122368,0,10756,4096,16384,4194304,4096,512,4,0,0,0,4,0,159744,1024,163787,2,0,1048576,16384,1048576,4096,0,16,0
23117,144,3,0,4,0,65535,0,184,0,0,0,64,0,,0,0,,208,332,6,2011,0,0,224,258,267,10,0,44544,97792,0,23416,4096,53248,4194304,4096,512,5,1,0,0,5,1,157676,1024,192682,2,33024,1048576,4096,1048576,4096,0,16,0
23117,144,3,0,4,0,65535,0,184,0,0,0,64,0,,0,0,,248,332,5,2011,0,0,224,271,267,5,0,3584,19456,0,5720,4096,8192,16777216,4096,512,4,0,0,0,4,0,1253376,1024,0,2,0,1048576,4096,1048576,4096,0,16,0
23117,144,3,0,4,0,65535,0,184,0,0,0,64,0,,0,0,,224,332,4,2011,0,0,224,271,267,6,0,36352,141312,0,6361,4096,40960,4194304,4096,512,4,0,0,0,4,0,184320,1024,0,2,0,1048576,4096,1048576,4096,0,16,0
23117,144,3,0,4,0,65535,0,184,0,0,0,64,0,,0,0,,216,332,4,2011,0,0,224,271,267,6,0,31744,133120,0,8718,4096,36864,4194304,4096,512,4,0,0,0,4,0,176128,1024,0,2,0,1048576,4096,1048576,4096,0,16,0
23117,80,2,0,4,15,65535,0,184,0,0,0,64,26,,0,0,,256,332,8,1992,0,0,224,33166,267,2,25,107520,21504,0,111160,4096,114688,4194304,4096,512,4,0,0,0,4,0,159744,1024,0,2,0,1048576,16384,1048576,4096,0,16,0
23117,144,3,0,4,0,65535,0,184,0,0,0,64,0,,0,0,,128,332,4,2011,0,0,224,258,267,8,0,13824,105472,0,21742,8192,24576,4194304,8192,512,4,0,0,0,4,0,147456,1024,0,2,34112,1048576,4096,1048576,4096,0,16,0
23117,144,3,0,4,0,65535,0,184,0,0,0,64,0,,0,0,,232,332,5,2011,0,0,224,270,267,7,10,24576,90112,0,12034,4096,28672,4194304,4096,4096,4,0,0,0,4,0,122880,4096,0,2,0,1048576,4096,1048576,4096,0,16,0
23117,144,3,0,4,0,65535,0,184,0,0,0,64,0,,0,0,,224,332,5,2011,0,0,224,258,267,8,0,81920,77824,0,17597,4096,86016,4194304,4096,4096,4,0,0,0,4,0,167936,4096,0,2,0,1048576,4096,1048576,4096,0,16,0
23117,0,0,0,0,0,0,0,0,0,0,0,0,0,,0,0,,64,332,2,2011,0,0,224,258,267,10,0,36864,49152,0,25742,4096,40960,4194304,4096,512,5,1,0,0,5,1,53248,512,0,2,33024,1048576,4096,1048576,4096,0,16,0
23117,144,3,0,4,0,65535,0,184,0,0,0,64,0,,0,0,,216,332,5,2011,0,0,224,258,267,8,0,36864,495616,0,14155,4096,40960,4194304,4096,4096,4,0,0,0,4,0,544768,4096,0,2,0,1048576,4096,1048576,4096,0,16,0
23117,144,3,0,4,0,65535,0,184,0,0,0,64,0,,0,0,,216,332,4,2001,0,0,224,271,267,6,10,8192,401408,3584,4439,4096,12288,4194304,4096,512,4,0,5,1,4,0,413696,1024,85721,2,32768,1048576,8192,1048576,24576,0,16,0
23117,144,3,0,4,0,65535,0,184,0,0,0,64,0,,0,0,,128,332,6,2012,0,0,224,258,267,8,54,7168,9216,0,18516,12288,4096,4194304,4096,512,4,0,1,0,4,0,49152,1024,76612,2,0,2097152,4096,1048576,4096,0,16,0
23117,144,3,0,4,0,65535,0,184,0,0,0,64,0,,0,0,,208,332,4,2011,0,0,224,271,267,5,0,2560,8704,0,4188,4096,8192,4194304,4096,512,4,0,0,0,4,0,1855488,1024,0,2,0,1048576,4096,1048576,4096,0,16,0
23117,144,3,0,4,0,65535,0,184,0,0,0,64,0,,0,0,,176,332,3,2012,0,0,224,271,267,6,0,184320,32768,0,4592,4096,188416,4194304,4096,4096,4,0,7,8,4,0,221184,4096,260127,2,0,1048576,4096,1048576,4096,0,16,0
23117,144,3,0,4,0,65535,0,184,0,0,0,64,0,,0,0,,128,332,5,2009,0,0,224,271,267,7,10,512,119296,98304,4160,4096,8192,4194304,4096,512,4,0,0,0,4,0,135168,1024,0,2,0,1048576,4096,1048576,4096,0,16,0
23117,144,3,0,4,0,65535,0,184,0,0,0,64,0,,0,0,,248,332,11,2010,0,0,224,258,267,9,0,3072,88064,0,4320,4096,8192,4194304,4096,512,5,0,0,0,5,0,131072,1024,111609,2,33792,1048576,4096,1048576,4096,0,16,0
23117,144,3,0,4,0,65535,0,184,0,0,0,64,0,,0,0,,232,332,5,2011,0,0,224,258,267,9,0,38400,60928,0,19468,4096,45056,4194304,4096,512,5,0,0,0,5,0,118784,1024,0,2,32768,1048576,4096,1048576,4096,0,16,0
23117,144,3,0,4,0,65535,0,184,0,0,0,64,0,,0,0,,248,332,5,2011,0,0,224,258,267,9,0,52736,104448,0,29516,4096,57344,4194304,4096,512,5,0,0,0,5,0,172032,1024,0,2,32768,1048576,4096,1048576,4096,0,16,0
23117,144,3,0,4,0,65535,0,184,0,0,0,64,0,,0,0,,208,332,4,2011,0,0,224,259,267,9,0,46592,27648,0,10466,4096,53248,4194304,4096,512,5,0,0,0,5,0,114688,1024,74560,2,32768,1048576,4096,1048576,4096,0,16,0
23117,144,3,0,4,0,65535,0,184,0,0,0,64,0,,0,0,,224,332,4,2011,0,0,224,259,267,9,0,46592,20992,0,10418,4096,53248,4194304,4096,512,5,0,0,0,5,0,110592,1024,98140,2,32768,1048576,4096,1048576,4096,0,16,0
23117,144,3,0,4,0,65535,0,184,0,0,0,64,0,,0,0,,184,332,3,2012,0,0,224,271,267,6,0,352256,28672,0,18100,4096,356352,4194304,4096,4096,4,0,1,0,4,0,385024,4096,402054,2,0,1048576,4096,1048576,4096,0,16,0
23117,144,3,0,4,0,65535,0,184,0,0,0,64,0,,0,0,,256,332,4,2003,0,0,224,271,267,1,15,16384,45056,24576,70288,69632,90112,4194304,4096,512,0,6,20601,16128,4,0,118784,69632,0,2,0,1048576,4096,1048576,4096,54444254,16,0
23117,144,3,0,4,0,65535,0,184,0,0,0,64,0,,0,0,,208,332,4,2011,0,0,224,271,267,5,0,2048,8704,0,4164,4096,8192,4194304,4096,512,4,0,0,0,4,0,24576,1024,0,2,0,1048576,4096,1048576,4096,0,16,0
23117,80,2,0,4,15,65535,0,184,0,0,0,64,26,,0,0,,64,332,8,1992,0,0,224,33166,267,2,25,13312,52224,0,16068,4096,20480,4194304,4096,512,4,0,0,0,4,0,831488,1024,0,2,0,4194304,16384,1048576,4096,0,16,0
23117,144,3,0,4,0,65535,0,184,0,0,0,64,0,,0,0,,216,332,4,2011,0,0,224,259,267,10,0,27648,48128,0,13195,4096,32768,4194304,4096,512,5,1,0,0,5,1,94208,1024,0,2,33024,1048576,4096,1048576,4096,0,16,0
23117,80,2,0,4,15,65535,0,184,0,0,0,64,26,,0,0,,256,332,8,2010,0,0,224,33166,267,2,25,22528,32256,0,24916,4096,28672,4194304,4096,512,4,0,0,0,4,0,94208,1024,45672,2,0,1048576,16384,1048576,4096,0,16,0
23117,144,3,0,4,0,65535,0,184,0,0,0,64,0,,0,0,,184,332,3,2011,0,0,224,271,267,6,0,73728,4096,110592,187200,114688,188416,4194304,4096,512,4,0,1,0,4,0,192512,4096,0,2,0,1048576,4096,1048576,4096,0,16,0
23117,144,3,0,4,0,65535,0,184,0,0,0,64,0,,0,0,,240,332,5,2010,0,0,224,258,267,9,0,4096,133120,0,4112,4096,8192,4194304,4096,512,5,0,0,0,5,0,151552,1024,172714,2,33792,1048576,4096,1048576,4096,0,16,0
23117,144,3,0,4,0,65535,0,184,0,0,0,64,0,,0,0,,128,332,5,2011,0,0,224,271,267,5,0,3584,9216,0,5748,4096,8192,4194304,4096,512,4,0,0,0,4,0,729088,1024,352113,2,0,1048576,4096,1048576,4096,0,16,0
23117,144,3,0,4,0,65535,0,184,0,0,0,64,0,,0,0,,184,332,3,2011,0,0,224,271,267,6,0,221184,12288,0,14568,4096,225280,4194304,4096,4096,4,0,1,0,4,0,237568,4096,290674,2,0,1048576,4096,1048576,4096,0,16,0
23117,144,3,0,4,0,65535,0,184,0,0,0,64,0,,0,0,,232,332,4,2010,0,0,224,271,267,6,0,16384,77824,0,7273,4096,20480,4194304,4096,4096,4,0,0,0,4,0,98304,4096,0,2,0,1048576,4096,1048576,4096,0,16,0
23117,144,3,0,4,0,65535,0,184,0,0,0,64,0,,0,0,,232,332,4,2011,0,0,224,258,267,9,0,65536,247296,0,67856,4096,69632,4194304,4096,512,5,0,0,0,5,0,319488,1024,0,2,33024,1048576,4096,1048576,4096,0,16,0
23117,144,3,0,4,0,65535,0,184,0,0,0,64,0,,0,0,,232,332,4,2011,0,0,224,8450,267,10,0,151552,61440,0,105083,4096,155648,268435456,4096,512,5,1,0,0,5,1,221184,1024,0,2,256,1048576,4096,1048576,4096,0,16,0
23117,144,3,0,4,0,65535,0,184,0,0,0,64,0,,0,0,,184,332,3,2010,0,0,224,271,267,6,0,27648,12800,0,5228,4096,32768,4194304,4096,512,4,0,1,0,4,0,49152,1024,91762,2,0,1048576,4096,1048576,4096,0,16,0
23117,144,3,0,4,0,65535,0,184,0,0,0,64,0,,0,0,,208,332,4,2011,0,0,224,271,267,5,0,2560,8704,0,4168,4096,8192,4194304,4096,512,4,0,0,0,4,0,733184,1024,332652,2,0,1048576,4096,1048576,4096,0,16,0
23117,144,3,0,4,0,65535,0,184,0,0,0,64,0,,0,0,,208,332,4,2011,0,0,224,259,267,9,0,46592,20480,0,9026,4096,53248,4194304,4096,512,5,0,0,0,5,0,110592,1024,115565,2,32768,1048576,4096,1048576,4096,0,16,0
23117,144,3,0,4,0,65535,0,184,0,0,0,64,0,,0,0,,200,332,3,2012,0,0,224,271,267,6,0,32768,12288,0,5592,4096,36864,4194304,4096,4096,4,0,1,0,4,0,49152,4096,105866,2,0,1048576,4096,1048576,4096,0,16,0
23117,144,3,0,4,0,65535,0,184,0,0,0,64,0,,0,0,,128,332,5,2008,0,0,224,271,267,6,0,14336,3584,12800,4195,4096,20480,4194304,4096,512,5,0,0,0,5,0,45056,1024,0,2,0,1048576,4096,1048576,4096,0,16,0
23117,144,3,0,4,0,65535,0,184,0,0,0,64,0,,0,0,,224,332,5,2011,0,0,224,270,267,7,10,28672,102400,0,16395,4096,32768,4194304,4096,4096,4,0,0,0,4,0,139264,4096,0,2,0,1048576,4096,1048576,4096,0,16,0
23117,144,3,0,4,0,65535,0,184,0,0,0,64,0,,0,0,,216,332,4,2011,0,0,224,271,267,5,0,3584,8704,0,5720,4096,8192,4194304,4096,512,4,0,0,0,4,0,737280,1024,357466,2,0,1048576,4096,1048576,4096,0,16,0
23117,144,3,0,4,0,65535,0,184,0,0,0,64,0,,0,0,,224,332,5,2011,0,0,224,258,267,8,0,131072,90112,0,37521,4096,135168,4194304,4096,4096,4,0,0,0,4,0,229376,4096,0,2,0,1048576,4096,1048576,4096,0,16,0
23117,144,3,0,4,0,65535,0,184,0,0,0,64,0,,0,0,,224,332,5,2011,0,0,224,258,267,10,0,37888,66048,0,14405,4096,45056,4194304,4096,512,5,1,0,0,5,1,118784,1024,141230,2,32768,1048576,4096,1048576,4096,0,16,0
23117,144,3,0,4,0,65535,0,184,0,0,0,64,0,,0,0,,224,332,5,2011,0,0,224,258,267,8,0,40960,155648,0,19323,4096,45056,4194304,4096,4096,4,0,0,0,4,0,208896,4096,0,2,0,1048576,4096,1048576,4096,0,16,0
23117,144,3,0,4,0,65535,0,184,0,0,0,64,0,,0,0,,208,332,5,2011,0,0,224,271,267,5,0,3584,9216,0,5608,4096,8192,4194304,4096,512,4,0,0,0,4,0,729088,1024,459229,2,0,1048576,4096,1048576,4096,0,16,0
23117,144,3,0,4,0,65535,0,184,0,0,0,64,0,,0,0,,216,332,4,2011,0,0,224,259,267,10,0,27648,123904,0,13195,4096,32768,4194304,4096,512,5,1,0,0,5,1,167936,1024,0,2,33024,1048576,4096,1048576,4096,0,16,0
23117,144,3,0,4,0,65535,0,184,0,0,0,64,0,,0,0,,216,332,5,2011,0,0,224,258,267,8,0,102400,73728,0,15227,4096,106496,4194304,4096,4096,4,0,0,0,4,0,196608,4096,0,2,0,1048576,4096,1048576,4096,0,16,0
23117,144,3,0,4,0,65535,0,184,0,0,0,64,0,,0,0,,184,332,3,2011,0,0,224,271,267,6,0,176128,12288,0,14628,4096,180224,4194304,4096,4096,4,0,1,0,4,0,192512,4096,224422,2,0,1048576,4096,1048576,4096,0,16,0
23117,144,3,0,4,0,65535,0,184,0,0,0,64,0,,0,0,,128,332,3,2010,0,0,224,270,267,8,0,35840,11776,0,29916,24576,8192,4194304,8192,512,4,0,0,0,4,0,73728,512,88427,2,0,1048576,4096,1048576,4096,0,16,0
23117,144,3,0,4,0,65535,0,184,0,0,0,64,0,,0,0,,232,332,10,2010,0,0,224,258,267,9,0,2560,87552,0,4288,4096,8192,4194304,4096,512,5,0,0,0,5,0,126976,1024,143776,2,33792,1048576,4096,1048576,4096,0,16,0
23117,144,3,0,4,0,65535,0,184,0,0,0,64,0,,0,0,,176,332,29,2010,0,0,224,271,267,6,0,49152,8192,0,4272,4096,53248,4194304,4096,4096,4,0,7,16,4,0,270336,4096,87205,2,0,1048576,4096,1048576,4096,0,16,0
23117,144,3,0,4,0,65535,0,184,0,0,0,64,0,,0,0,,240,332,6,2011,0,0,224,258,267,9,0,0,81408,0,5392,4096,4096,4194304,4096,512,5,0,0,0,5,0,102400,1024,103707,2,33792,1048576,4096,1048576,4096,0,16,0
23117,144,3,0,4,0,65535,0,184,0,0,0,64,0,,0,0,,208,332,4,2011,0,0,224,270,267,6,0,0,38400,0,4426,4096,4096,4194304,4096,512,4,0,0,0,4,0,57344,1024,78906,2,0,1048576,4096,1048576,4096,0,16,0
23117,144,3,0,4,0,65535,0,184,0,0,0,64,0,,0,0,,128,332,6,2012,0,0,224,258,267,4,82,22528,43520,0,25730,4096,28672,4194304,4096,512,4,0,1,0,4,0,196608,1024,128696,2,0,2097152,4096,1048576,4096,0,16,0
23117,144,3,0,4,0,65535,0,184,0,0,0,64,0,,0,0,,224,332,4,2011,0,0,224,271,267,5,0,4096,7168,0,5720,4096,8192,4194304,4096,512,4,0,0,0,4,0,24576,1024,0,2,0,1048576,4096,1048576,4096,0,16,0
23117,144,3,0,4,0,65535,0,184,0,0,0,64,0,,0,0,,240,332,5,2010,0,0,224,258,267,9,0,4096,101888,0,4672,4096,8192,4194304,4096,512,5,0,0,0,5,0,122880,1024,170324,2,33792,1048576,4096,1048576,4096,0,16,0
23117,144,3,0,4,0,65535,0,184,0,0,0,64,0,,0,0,,208,332,4,2011,0,0,224,259,267,9,0,46592,20992,0,10418,4096,53248,4194304,4096,512,5,0,0,0,5,0,110592,1024,93251,2,32768,1048576,4096,1048576,4096,0,16,0
23117,144,3,0,4,0,65535,0,184,0,0,0,64,0,,0,0,,184,332,3,2011,0,0,224,271,267,6,0,208896,16384,0,15936,4096,212992,4194304,4096,4096,4,0,1,0,4,0,229376,4096,236820,2,0,1048576,4096,1048576,4096,0,16,0
23117,144,3,0,4,0,65535,0,184,0,0,0,64,0,,0,0,,256,332,4,2003,0,0,224,271,267,1,15,16384,45056,24576,70288,69632,90112,4194304,4096,512,0,6,4210,28446,4,0,118784,69632,0,2,0,1048576,4096,1048576,4096,87742576,16,0
23117,144,3,0,4,0,65535,0,184,0,0,0,64,0,,0,0,,208,332,5,2011,0,0,224,258,267,10,0,23552,69632,0,10812,4096,28672,4194304,4096,512,5,1,0,0,5,1,217088,1024,127896,2,0,1048576,4096,1048576,4096,0,16,0
