fileName,MD5hash
bkdr_58529a9e240453ebebab0958b5bbb12ed0bfea9f4d59911b245722c73e54ae4c,18c97e6f77aa20787e32a2d5bfdbed72
bkdr_70c242eaf22cb968e77df2e97ecdf044224907eb8f74dbeddf679f6307a981fd,106a1d40df9a32bc820fe44dd4f42f9d
bkdr_79d837b0553828eca07366b912af9dc1df0ec0b9d7433bc1d18eab0f22e2d0aa,34fe988de48b94d6e96f86a19939cb6c
bkdr_85e77275191c3ac9c93dc84566f3a7072e407f7c0705b76d842d57f556908e9d,486ef8b768630db2fe7cd8dcbaff4b9c
bkdr_8cfb2aa653245c173b38589f143f71fa154162561f335c37d4513727025c447f,24a4774478c5d8608beaf82b8fdbad99
bkdr_b6da355c2197cbf15500fbed96f55e3a06e8d42b722d37754bb8025b37d18ff8,44ddea8afefac8d8df01ee97dcb26cf0
bkdr_c18cceebbfd126d36db59d47d69955a8b136437c8e5e4fc17c3bae2c1d5d1822,3d51e79672123704023d1d0aa76f6f60
bkdr_e83557f23cf4f5a9dc974b9b18b43ebd2981269a0416d74fd29a75198bb52752,23267e2290c0c88d13cf68a17414dbea
rtkt_19ec4bcf25c8d40751a9763b2a581044b3b9e2b6e3a3f3615c51efe2b53f4f1d,15a00d14fdd2f4764054e35e4d7d4dce
rtkt_1a7f6b91600c823bb98ff94bc907656a9cf513a3e775396120896585635e718d,11b566cfb42e072de292a4f81be2f229
rtkt_34b0bbcc48ea5ece9fcd34dc1e58840fd76fd632351c2ff53916d8094148592c,2dec8553c11c5bbfb10146b04dedd182
rtkt_3a9355df004d334a6dfce911dbc9859d3a8896b7e5033f40948a962f40203d51,0232825fa8e72fe473721c3d34f7b96d
rtkt_48b6d548064bd676a45e08941d468ebacca0d9713d525ded7410924a304d234e,48eb9eddfb58fe4412e55f8d62f407e0
rtkt_48c965e5448f35d9b7ffd6311aa1650178275e27ba64d93a8f907f56287a3a03,27345772cd741a506cec22969133111b
rtkt_50044b6165b442c76ba02064d8e6b591f1d57647ec7980a3ea977935ceb48b4d,12afc4380373fff4737b030c2451f3fe
rtkt_66f00a990dee5006750bf35af0704893d2fdc6ce276053b3f3e6be1050c8ba50,4578ce5b0131ec4c6f733c03a2622c72
rtkt_8d6903f483c7b085e4cf253c51eb85bbc2bd17d33c5b48319e09630469a0979d,312d65c05f0d91c879c89093f57652e0
troj_0d5296c9daedd34f49a9ed3b401e4517d1d999c53be83a6ffaa053095bc730e9,03596cc1e0ad4ac65d5a28820bb81072
troj_0f259646aca74d786cfa7a69417abbc8c5eb72ed6037e7e0f0ac3a6880d5e6fe,46e37d3758aef2c04776574a459059d5
troj_105a6a883650ccb780b08e67e1c5f910cf7d9cad88f2540a3da2215bd67011b3,2e6b20179c56d24195ec67f659040bbf
troj_15f4622d0ea4f6a5afbe5ef725bd5e289290116b2d5613f91e733d77f27a8c0a,0460d89f0091d951184a8d77c6641340
troj_2edf0a4e2ec59cc4f153caef5944945d2a5cbaed41d0cc456646d022a8b5483a,112aa20f1899591c9fbfe9cec529f69d
troj_3f63e7beb060b688e73e59ba9897d6809a22449bdb379a48f487299bde9d6916,03f390d54bf330911b4eab6b48a00044
troj_4f9ec1e3ecffd6bbe33d8ee2143cf6841b776d1ade634c972dd6af3800235a3d,1437c14244d7df9037aff4334623027b
troj_6ff3d8fd8a21f9255b3bd490215e2a465884c8c1032fd9dbb1ebc72a3bc64ff7,460a470cb7b835c303ac645d5e316f32
troj_734989221957aba8f61d2de868c246a3aa7c7f35996631c9d25383aa4d72788e,1fa0ff4f78e3fa8e38e1b5857f65d010
troj_b0351657cb75c6fdbddc4ee76f0761eb387113d6ae39e760fc51c6b82c8c59ae,0af4de454111844975f8907e7e44fad3
troj_c231c46391f041adb8ddbb0d1354bf61358a50b59a1f16af1fa7d2e189d3c8a4,241fb25fd1f06d63608d43a61aebe1b6
troj_d04deb0d70961866240dccaa719df35552b58f53330fc3bf1915ea64ceddb338,4963acf2be662c548b3df594bc9800e6
troj_e99125d9bc064d3e20fde364e977d4e389c39c91c961bec49a62c24e95cf5be1,3759b1e4f4d207a02da69b406c06ece1
troj_ff8087ff6b3c15047775af4c110f38399e2ba8673e05303484d3c45e9840f2e8,26c167666f92570ac026b2c42ffa601f
tspy_6b63411f3a29b6b413cb798790fc84c56d2ea3b885732dff2af80f9ce651b14b,20de1b0e29ae78142c4af3722da0ef88
tspy_76c24af9d020303e0a87c89305cec56dbff19170edf4133a00141ad0ecce510b,b7fa4173cf694f53a2597e9eca21ab4c
tspy_c9e10693a9eb3b68f559091ad769850e71ebc3e333b3dece973c2a557018cba5,0b302155f0b1913eb00828c07afd0fe9
tspy_e538678fac1c0156827662d6a21883ecd65f21cd565b0b51b663e4ca5b285264,2235b72a44f279297af70be2bdd4a8f2
worm_14bf1e017475f151d82556dd790ba720bf6b35faf59b063b35ebab0cdb578df2,1f3731ff89df2efc75c35afa3165f240
worm_382420854b714f42b661ddf0ecac5df004089ab1094be8e14576e758b7a5277a,3e9907f8574fce0422b32b6b892a5ee5
worm_a6ec776624b0b1411cf65ab87e1c3d2f7a6af549bdab1f2adde182431e2ac991,05a9616d5990b43bbbff3755d3b00607
worm_cc296b975533048c0f787920faa3fefbb32a3eccc55e5f3b483014253014c345,350fe4cdc22da97a4de1ddd90c30f5ce
fileName,MD5hash
bkdr_02845fbf798398dc0c671068c29d1fbd0b5547c3f26029e5ef25b04b6b9398f0,02017330f1d6408306b8afb744fd45d9
bkdr_0511bca0ab04fccd31890fea66c9751817029797765743f54b18e7c2d7f41bbd,01dd01868149afe14f96df1a32e34bca
bkdr_14b8b7d92b6e420e623cee6df5771d0e018364dbcf4dfda4353338460e5c54b5,47f746b95a5c0c813c1e4353493ad050
bkdr_1b26a11e2cdebad21ce1ffb5128dc4fbb012a878f1902493d562edc444c86755,4773ed30c920aca72f755cfab3516ee5
bkdr_352747df5d21da0c777dd711910bccc4509ce75e1b6fcc6598fe4ff15120af62,3e0cbcc1dab7ddcfed6d10751e40543b
bkdr_3c15cfce6b11dc0ef17df90b96c79b193f3fa994aef2eb2dddf14f4bd2883cf4,30c725619f6563ac58483b6c0bc3fbd9
bkdr_44b03dc5fd17eadd5d258150c9b496b815e87df5a99a5f0d2f4b651a0378eaa1,4771cf7716202a2f02c7a0191426ebe2
bkdr_4cfd6aecbc34f6c1d8b653bed98fa19c14d1cecb8e4b3b39885554f6968464bd,1c3e35b1504d079ae3017510619f28d4
bkdr_58529a9e240453ebebab0958b5bbb12ed0bfea9f4d59911b245722c73e54ae4c,18c97e6f77aa20787e32a2d5bfdbed72
bkdr_70c242eaf22cb968e77df2e97ecdf044224907eb8f74dbeddf679f6307a981fd,106a1d40df9a32bc820fe44dd4f42f9d
bkdr_85e77275191c3ac9c93dc84566f3a7072e407f7c0705b76d842d57f556908e9d,486ef8b768630db2fe7cd8dcbaff4b9c
bkdr_8cfb2aa653245c173b38589f143f71fa154162561f335c37d4513727025c447f,24a4774478c5d8608beaf82b8fdbad99
bkdr_922922ce19cf7b82e396fccaccdcd34e5c974d8c52489b049fb398627e67fa32,15281c3f3fac1ccdaf43e2b26d32a887
bkdr_995c5b251f9ac8fc1677080b69065286e698e149a07c9ae91b790bec667769dc,14966703a9832639acd498ad201dc531
bkdr_a34dbe07d02a032ffeba910ca64466f2ce75d669df99552314edf576c7c5e1e9,4039bed5eb6211f9a45c978ae099e771
bkdr_b6da355c2197cbf15500fbed96f55e3a06e8d42b722d37754bb8025b37d18ff8,44ddea8afefac8d8df01ee97dcb26cf0
bkdr_c18cceebbfd126d36db59d47d69955a8b136437c8e5e4fc17c3bae2c1d5d1822,3d51e79672123704023d1d0aa76f6f60
bkdr_e83557f23cf4f5a9dc974b9b18b43ebd2981269a0416d74fd29a75198bb52752,23267e2290c0c88d13cf68a17414dbea
bkdr_ea86e47686e537b4f970f4772848972db8fc36e664a688f08abe71d0dd80e9f8,12b5b1a68db038cff7e5cee3b6076042
CRYP_17f47d06c3ee38448952d9cc5182819f5926de799953a40c06681249a762825e,11cec081c6d43eae4af6bc55533062bd
CRYP_32afc5e709fa9898643288ff334262599fd36e6cee5f8e57d2b2c1268c18d317,17ae3b1a8aeb5ca4a37471b6d0a2f4eb
CRYP_6e388aab578f29123c787b9f1761d8e1e70d1c6dce7d6b668574b496d71ee8a4,27588b58a95b77906804a612a8ed4975
CRYP_7a6989fea5012ff3f27ddb583b508ffa83dafccca15095edfc0dc5ac33e5ff14,05fab4c57dc4f91b1f40ccddc63fe271
CRYP_8f45f3bf5a630ad81250ba6c83803c532f0c2e45c54d02e9dca5ccf69bf385e9,34d912d0c5317c992114298fbd326fa7
rtkt_19ec4bcf25c8d40751a9763b2a581044b3b9e2b6e3a3f3615c51efe2b53f4f1d,15a00d14fdd2f4764054e35e4d7d4dce
rtkt_1a7f6b91600c823bb98ff94bc907656a9cf513a3e775396120896585635e718d,11b566cfb42e072de292a4f81be2f229
rtkt_34b0bbcc48ea5ece9fcd34dc1e58840fd76fd632351c2ff53916d8094148592c,2dec8553c11c5bbfb10146b04dedd182
rtkt_3a9355df004d334a6dfce911dbc9859d3a8896b7e5033f40948a962f40203d51,0232825fa8e72fe473721c3d34f7b96d
rtkt_48b6d548064bd676a45e08941d468ebacca0d9713d525ded7410924a304d234e,48eb9eddfb58fe4412e55f8d62f407e0
rtkt_48c965e5448f35d9b7ffd6311aa1650178275e27ba64d93a8f907f56287a3a03,27345772cd741a506cec22969133111b
rtkt_50044b6165b442c76ba02064d8e6b591f1d57647ec7980a3ea977935ceb48b4d,12afc4380373fff4737b030c2451f3fe
rtkt_66f00a990dee5006750bf35af0704893d2fdc6ce276053b3f3e6be1050c8ba50,4578ce5b0131ec4c6f733c03a2622c72
rtkt_8d6903f483c7b085e4cf253c51eb85bbc2bd17d33c5b48319e09630469a0979d,312d65c05f0d91c879c89093f57652e0
troj_0583a1b9875407c21ea028fd135f945744222a587242e348b91be623c75e5748,06ac7ee59f950363b7814ed37af8e381
troj_07682b8cb1d3f79572fdb8f2598c162620cd820db67b59c59e08b7ede282de85,4118048d2d736a14392f2a509c2be0ca
troj_0879e3a09538aaa80f1ce9f0a9f8627f21a0886f94f7759a17bba410948cfb08,4890ac55f0ec5b68a45ad880c9a39e55
troj_09b832cdae6ce730811b7a39f9a73dae0d8e08494ec3f3855daa8df9a2a088e5,145e7a9c2b563dfaebf6683dc2d8c7cb
troj_0a2c849b16b29ec9300cee1e218f71a519fd5c507b1047bd4692a4b42ff83580,241d6106ba1b70901bd21adfb93e654a
troj_0d0ce977cf2824b45e258f5ecf20d9ea856b659aca41fef154cc48368e0cba96,19d417ab41334c0af70d22c0f9b5025d
troj_0d5296c9daedd34f49a9ed3b401e4517d1d999c53be83a6ffaa053095bc730e9,03596cc1e0ad4ac65d5a28820bb81072
troj_0f259646aca74d786cfa7a69417abbc8c5eb72ed6037e7e0f0ac3a6880d5e6fe,46e37d3758aef2c04776574a459059d5
troj_1329bfc9a26f2e124b04b08cdbeddee2386bb8db6f1faa4640823750d0ed30a0,00e2c50dc7ce0d04641f33863167295e
troj_144c62a380cec084b55cee8f52121919b90428f83330cd26ff13419f9ab55a74,4237890a0ecb1225e50c93e3993c3c52
troj_1f75d0654505cda9bb4b32eef45e576ed3b3c2c3e47151e581c5a276d2ef8fdb,05bdad90e0d17ed8f84f9bb5ff2fca0d
troj_214fce76afd89fcd5bfee855b952b615b49ee531a1ab942a6aa26cd24f591c72,47f95307e027737335b26982adf746d9
troj_2edf0a4e2ec59cc4f153caef5944945d2a5cbaed41d0cc456646d022a8b5483a,112aa20f1899591c9fbfe9cec529f69d
troj_3f63e7beb060b688e73e59ba9897d6809a22449bdb379a48f487299bde9d6916,03f390d54bf330911b4eab6b48a00044
troj_400f9e782a0a0a8e19c7400d21ee728a4900b0226e87a37934c01a4e167f50d4,1bf64e3f1796d073cd3a7e647346d7db
troj_4a151ae2ff75b81639b8031db958f4512c113a8a05505ee9111226cf763e815c,4757d9e33b087f2ed5201e09c1e90d5a
troj_4b9e304ccc5ececb9e41e8bfb431be45ab24f1e6b05870668190a249eae1f4bc,341dfa479db3e2ad76558f2e53b8a87e
troj_4f9ec1e3ecffd6bbe33d8ee2143cf6841b776d1ade634c972dd6af3800235a3d,1437c14244d7df9037aff4334623027b
troj_4fde71424d7e25ed273821a8513fb53d5bf6314e8b8a13adf4c6cb641c336622,1553e3b8661d1b130104bee9c6565a9f
troj_50466127d95eaae7e97b7d13e4ed0f9180e434da82bed77cb7fdc39b66f0348d,0edacca32e8654c18e6b8c1ade115475
troj_5175a8235ac29298bc00324ae1e228decd09dddfe42f8111b2fd56d871b7dbac,20f7af0e329d07a9465010eaf70ad633
troj_5e578811b91b03f2b42e63a4d9fec2e6eff16f43341e7d9c35b6d00b04cf3e7a,093adc5ef6d96e82aeb06b3689d086f2
troj_60247cd4e16a5c1596a18d4bd16728dd3465abad16c033f73e700dfb5e40f747,1fe1d5d8cc5fefdbef102d93f19f00dc
troj_6b20bdc13cf218bf7735c6d84303138aef1c9ee84b3de6d3fd358c3e2e74eec2,340e56e893582e56dc327458619f4c71
troj_6d46885121a426d22e3b7e06b5771dfc9b5b560593826379791f1129e3f28a1d,13384f7179292b455c2d786ff594992d
troj_6ff3d8fd8a21f9255b3bd490215e2a465884c8c1032fd9dbb1ebc72a3bc64ff7,460a470cb7b835c303ac645d5e316f32
troj_7432dadb68882690c41447299300ee9e2797a81de85a2155a7007a7f2944ce98,0aabee5d0435c03156e1a9ec99869ec6
troj_7471bbc57b8e168055d998a1426944d4b3bbda7adaf3a5c0597d4220104850b0,0df59fb089bd3691b1697bef51576f7a
troj_75709bf0731033db527c92a626315aefec868c5011fb9a386a81e430bb0b3cd2,235a2733abc701f9ad0e153fe3210798
troj_7755b40343f0ee055550244aac8a9c5e7736b46edfc85cf6c72cb1db00701fd3,1e4417b903536b2ba54a67c1e32e4033
troj_7ed4bd4284f944f3a8a6bba2bfb907979e49d5f1b84b92495b6578f9120af313,30f35ee5c74c6bae7226573076695c43
troj_7ede7e3084965782e4914ee3bbca01dc401d26564f1ae364250775af34a87750,030875a629d8c438c150c7eb1f281fae
troj_866f89325b2c4aa71829d1b4d2ba1954e567831e9d6faf5fb8dc905cd5a6780f,14622bf4b22c735aa93a7b565759fc67
troj_892ef01019d7dbcba96c56d2512d52fcfb7e1db10c6b13ed592aedfbc706da86,35eab628651f91b7bf5e800a8939a9f0
troj_8cc9e5e07831b4a9c6d97d2245b732c507c8d8344a5371ca1cf398afb5477481,3e49ee127d6824b7fcb7180db812dab4
troj_8fc08b4be25fb60c17c4fd58725d424169a578e7f726abab58e9ec32713ee209,2337b2f22353ad66d28b9d76eb0e3d2b
troj_8fe8a10b33447a2816009f816731c02d2a65e47443a4c730d4c2b78b39e22e8a,386df6381ca99ff5f30977440f6fc657
troj_94571d0a6e766dc2fe281bfe3970681cd3e309f67c0cd65e8c224ee1ffed377d,3f677563734a4b0af236f68cbfbde7a3
troj_95716d2dac7db41dc89d6705efa931ff613696385443654dfcd95ca89d36e146,1b9f7c5aa350d2c48e0781ba4a3d0f19
troj_9b8accb56230ac94f3b01d4250098eb1feb5c1d0a6161c80a9a82c56944011aa,156d608f42faafc808bcbcf80e284f7d
tspy_0975560ed51d16ad7a1c3336e87cca637a03580c7efcf69b4693076f0122c35b,4bb71b9e71bfe5b10f0de284b8061a60
tspy_205599a085f3a927506c1085438b3c6b90d358c7579114a49efc6e846fb0c29b,281dd4921a6015da7f9e976e602e442f
tspy_28191df169289d3f47b324bf88bad1c943323adc3fd70f4480ae10ebfc1c5d11,0840d3c68e8dc146effd9d712b679f5d
tspy_3477f82b172f00621a9b7973e21d536e06bc826feb3c27443660e601e2ab6e98,003ac7f46c7557ba7eeb6762323eabd1
tspy_37335cc62d047e32dae1a916a96a82f1ce94fd63ea67d37ebfc96ceca609d401,1a2faecffca0d001ad4eb0db680ad58c
tspy_8057a3262d22e8f9ddb810b142a7b27a742314fe676fc544c2b036e598b54a95,0ef6c85e1d5cda537fe33561ce7301f9
tspy_994dd3ad07c7ef4dfd15f6fe60d384b0cc23ebeca1477ef320e3abb376bfe329,35c8205b1c44c6234923b4cb21c5f24b
tspy_a47e1cb9b0ea458363820c2e3676256dabeb94bec353b250de6e5ebce9333072,42372e9916e2b75f9601622dee2c73c3
tspy_e33e8f6d341490810683e13248aafb88544fa744ca4de0d163a3f8bfb349fe00,2e2a90f09b677a901a1e8ba7c2fafb5f
tspy_e538678fac1c0156827662d6a21883ecd65f21cd565b0b51b663e4ca5b285264,2235b72a44f279297af70be2bdd4a8f2
tspy_e72bbfd2cf1994b326890321f76c8cc6f35472689c20aace4991580d9b669cf5,32b4227ae379f98c1581f5cb2b184412
worm_382420854b714f42b661ddf0ecac5df004089ab1094be8e14576e758b7a5277a,3e9907f8574fce0422b32b6b892a5ee5
worm_3870179a3d9cf79c60a42465599a4248e4585cc18af7f8bc489680b900ab5daa,3b02a89a85225c475bff200c2438268b
worm_51d843b5be69db71ed5c341073925c5a597493c13a532d5bada0ecae19b156dc,1555cab58acd74633d198175d29f6479
worm_556472a659342df9c7d72dda83185830db7f80ab38762587d0bc2ab6f9b44b3e,088c4fbaf2a38be708ff8b16ce0343aa
worm_585734c1a13b39123a560c4a5f69a3d00609cb81faeb2afeeba97fecad8f6db6,26059aff560f8d2c3a40c2e8e9f3712e
worm_60d4e2aa7723186c985eb0c2bf6cbbf7cf68a4841c971f81224015e5c29af4dd,326dc012144fb96cb8d1f62d01290480
worm_66d5fbb2938b587c4f0350fb90dc5b1b785547610ce3ad8593b879428d3045fa,16c79eaff3b99ecdf54159d254ffe7e7
worm_75fec3eb95aab87ed09c51434d553c9c651214ee453e06b1db96c0d753e19f48,470fe6795732aa79e5f3c130090d979d
worm_77a8b2f55fa19552c3063bcf56e4c0feb286fb84d73ef2e154a57739104326c4,2cafb9e00ccc149f22c1647c255d7df5
worm_78065ae8d250029b3adfb4365605ed23f3678ad62298b5a1062523869e38ee4d,10dbd2a3c76d577d00b0d4adcb5334fb
worm_82738216058ecb96180a82d3b3fc7df811668b8ab3e3d67abccaf286aae5d164,2f3fc78fba57be05fec0255bd990f648
worm_83e35a467e0b0ee235d3cba7cb07504b19da267effe9edbc923cd4cb431edd7e,1f16dbea4ecd14a6b9d5303110a695b5
worm_84c6488952cbcaa1b1c2b822bb2e453faefbcb81be046a210a2720636999de5c,4854404a4147485ef954d335f8acf40a
worm_89153775a2cf60b7a05fd98c041ccb0cf987ddf2702e4d1e585a7f2e9b3102f5,0b7bd1c2728030defea6e8b4dbfe4905
worm_97620a9c2c2b257672298ec7f757864f36b701cc6e1ca4bdb2a0ed9d74881f82,04a81066838e388fa9340aaf0e609d21
worm_a6ec776624b0b1411cf65ab87e1c3d2f7a6af549bdab1f2adde182431e2ac991,05a9616d5990b43bbbff3755d3b00607
